{
  "firstLayout": "MainMenu",
  "gdVersion": {
    "build": 99,
    "major": 4,
    "minor": 0,
    "revision": 0
  },
  "properties": {
    "adaptGameResolutionAtRuntime": true,
    "folderProject": true,
    "orientation": "landscape",
    "packageName": "com.example.tdtd",
    "pixelsRounding": false,
    "projectUuid": "4e868a4d-1670-4dc6-88f0-fcd573617e77",
    "scaleMode": "linear",
    "sizeOnStartupMode": "",
    "templateSlug": "",
    "useExternalSourceFiles": false,
    "version": "0.1.1",
    "name": "Total Defence Tower Defence",
    "description": "",
    "author": "SidGaming",
    "windowWidth": 1620,
    "windowHeight": 1080,
    "latestCompilationDirectory": "C:\\Users\\wongy\\Desktop\\TDTD-Build",
    "maxFPS": 60,
    "minFPS": 30,
    "verticalSync": false,
    "platformSpecificAssets": {},
    "loadingScreen": {
      "backgroundColor": 0,
      "backgroundFadeInDuration": 0.2,
      "backgroundImageResourceName": "",
      "gdevelopLogoStyle": "light",
      "logoAndProgressFadeInDuration": 0.2,
      "logoAndProgressLogoFadeInDelay": 0.2,
      "minDuration": 0,
      "progressBarColor": 16777215,
      "progressBarHeight": 20,
      "progressBarMaxWidth": 200,
      "progressBarMinWidth": 40,
      "progressBarWidthPercent": 30,
      "showGDevelopSplash": true,
      "showProgressBar": true
    },
    "watermark": {
      "placement": "bottom-left",
      "showWatermark": false
    },
    "authorIds": [],
    "authorUsernames": [],
    "categories": [],
    "playableDevices": [],
    "extensionProperties": [],
    "platforms": [
      {
        "name": "GDevelop JS platform"
      }
    ],
    "currentPlatform": "GDevelop JS platform"
  },
  "resources": {
    "resources": [
      {
        "alwaysLoaded": false,
        "file": "NewSprite-1-3.png",
        "kind": "image",
        "metadata": "",
        "name": "NewSprite-1-3.png",
        "smoothed": true,
        "userAdded": true
      },
      {
        "file": "assets/AlfaSlabOne-Regular.ttf",
        "kind": "font",
        "metadata": "",
        "name": "assets\\AlfaSlabOne-Regular.ttf",
        "userAdded": true
      },
      {
        "alwaysLoaded": false,
        "file": "assets/Config.png",
        "kind": "image",
        "metadata": "",
        "name": "Config.png",
        "smoothed": true,
        "userAdded": false,
        "origin": {
          "identifier": "https://resources.gdevelop-app.com/assets/Interface/Casual Buttons Pack/Config.png",
          "name": "gdevelop-asset-store"
        }
      },
      {
        "alwaysLoaded": false,
        "file": "assets/Help.png",
        "kind": "image",
        "metadata": "",
        "name": "Help.png",
        "smoothed": true,
        "userAdded": false,
        "origin": {
          "identifier": "https://resources.gdevelop-app.com/assets/Interface/Casual Buttons Pack/Help.png",
          "name": "gdevelop-asset-store"
        }
      },
      {
        "alwaysLoaded": false,
        "file": "assets/Left arrow.png",
        "kind": "image",
        "metadata": "",
        "name": "Left arrow.png",
        "smoothed": true,
        "userAdded": false,
        "origin": {
          "identifier": "https://resources.gdevelop-app.com/assets/Interface/Casual Buttons Pack/Left arrow.png",
          "name": "gdevelop-asset-store"
        }
      },
      {
        "alwaysLoaded": false,
        "file": "assets/Large Play Button.png",
        "kind": "image",
        "metadata": "",
        "name": "Large Play Button.png",
        "smoothed": true,
        "userAdded": false,
        "origin": {
          "identifier": "https://resources.gdevelop-app.com/assets/Interface/Casual Buttons Pack/Large Play Button.png",
          "name": "gdevelop-asset-store"
        }
      },
      {
        "alwaysLoaded": false,
        "file": "assets/Play.png",
        "kind": "image",
        "metadata": "",
        "name": "Play.png",
        "smoothed": true,
        "userAdded": false,
        "origin": {
          "identifier": "https://resources.gdevelop-app.com/assets/Interface/Casual Buttons Pack/Play.png",
          "name": "gdevelop-asset-store"
        }
      },
      {
        "alwaysLoaded": false,
        "file": "assets/Menu.png",
        "kind": "image",
        "metadata": "",
        "name": "Menu.png",
        "smoothed": true,
        "userAdded": false,
        "origin": {
          "identifier": "https://resources.gdevelop-app.com/assets/Interface/Casual Buttons Pack/Menu.png",
          "name": "gdevelop-asset-store"
        }
      },
      {
        "alwaysLoaded": false,
        "file": "assets/Share.png",
        "kind": "image",
        "metadata": "",
        "name": "Share.png",
        "smoothed": true,
        "userAdded": false,
        "origin": {
          "identifier": "https://resources.gdevelop-app.com/assets/Interface/Casual Buttons Pack/Share.png",
          "name": "gdevelop-asset-store"
        }
      },
      {
        "alwaysLoaded": false,
        "file": "assets/Right arrow.png",
        "kind": "image",
        "metadata": "",
        "name": "Right arrow.png",
        "smoothed": true,
        "userAdded": false,
        "origin": {
          "identifier": "https://resources.gdevelop-app.com/assets/Interface/Casual Buttons Pack/Right arrow.png",
          "name": "gdevelop-asset-store"
        }
      },
      {
        "alwaysLoaded": false,
        "file": "assets/Pause.png",
        "kind": "image",
        "metadata": "",
        "name": "Pause.png",
        "smoothed": true,
        "userAdded": false,
        "origin": {
          "identifier": "https://resources.gdevelop-app.com/assets/Interface/Casual Buttons Pack/Pause.png",
          "name": "gdevelop-asset-store"
        }
      },
      {
        "alwaysLoaded": false,
        "file": "NewSprite2-1-0.png",
        "kind": "image",
        "metadata": "{\"localFilePath\":\"NewSprite2-1-0.png\",\"extension\":\".png\",\"pskl\":{}}",
        "name": "NewSprite2-1-0.png",
        "smoothed": true,
        "userAdded": true
      },
      {
        "alwaysLoaded": false,
        "file": "CanSpawn-1.png",
        "kind": "image",
        "metadata": "",
        "name": "CanSpawn-1.png",
        "smoothed": true,
        "userAdded": true
      },
      {
        "alwaysLoaded": false,
        "file": "NewSprite-1.png",
        "kind": "image",
        "metadata": "",
        "name": "NewSprite-1.png",
        "smoothed": true,
        "userAdded": true
      },
      {
        "alwaysLoaded": false,
        "file": "sprites/UI/White-Grey-TextBacking.png",
        "kind": "image",
        "metadata": "",
        "name": "sprites\\UI\\White-Grey-TextBacking.png",
        "smoothed": true,
        "userAdded": false
      },
      {
        "alwaysLoaded": false,
        "file": "sprites/Maps/SAM.png",
        "kind": "image",
        "metadata": "",
        "name": "sprites\\Maps\\SAM.png",
        "smoothed": true,
        "userAdded": false
      },
      {
        "file": "assets/fonts/AlbaSlab/36px/Alba Slab 36px.fnt",
        "kind": "bitmapFont",
        "metadata": "",
        "name": "assets\\fonts\\AlbaSlab\\36px\\Alba Slab 36px.fnt",
        "userAdded": false
      },
      {
        "alwaysLoaded": false,
        "file": "assets/fonts/AlbaSlab/36px/Alba Slab 36px.png",
        "kind": "image",
        "metadata": "",
        "name": "assets\\fonts\\AlbaSlab\\36px\\Alba Slab 36px.png",
        "smoothed": true,
        "userAdded": false
      },
      {
        "file": "assets/fonts/AlbaSlab/24px/Alba Slab 24px.fnt",
        "kind": "bitmapFont",
        "metadata": "",
        "name": "assets\\fonts\\AlbaSlab\\24px\\Alba Slab 24px.fnt",
        "userAdded": true
      },
      {
        "alwaysLoaded": false,
        "file": "assets/fonts/AlbaSlab/24px/Alba Slab 24px.png",
        "kind": "image",
        "metadata": "",
        "name": "assets\\fonts\\AlbaSlab\\24px\\Alba Slab 24px.png",
        "smoothed": true,
        "userAdded": true
      },
      {
        "alwaysLoaded": false,
        "file": "sprites/UI/Shop-Psychological.png",
        "kind": "image",
        "metadata": "",
        "name": "sprites\\UI\\Shop-Psychological.png",
        "smoothed": true,
        "userAdded": true
      },
      {
        "alwaysLoaded": false,
        "file": "sprites/UI/Shop-Social.png",
        "kind": "image",
        "metadata": "",
        "name": "sprites\\UI\\Shop-Social.png",
        "smoothed": true,
        "userAdded": true
      },
      {
        "alwaysLoaded": false,
        "file": "sprites/UI/Shop-Economic.png",
        "kind": "image",
        "metadata": "",
        "name": "sprites\\UI\\Shop-Economic.png",
        "smoothed": true,
        "userAdded": true
      },
      {
        "alwaysLoaded": false,
        "file": "sprites/UI/Shop-Military.png",
        "kind": "image",
        "metadata": "",
        "name": "sprites\\UI\\Shop-Military.png",
        "smoothed": true,
        "userAdded": true
      },
      {
        "alwaysLoaded": false,
        "file": "sprites/UI/Shop-Civil.png",
        "kind": "image",
        "metadata": "",
        "name": "sprites\\UI\\Shop-Civil.png",
        "smoothed": true,
        "userAdded": false
      },
      {
        "alwaysLoaded": false,
        "file": "sprites/UI/Shop-Digital.png",
        "kind": "image",
        "metadata": "",
        "name": "sprites\\UI\\Shop-Digital.png",
        "smoothed": true,
        "userAdded": true
      },
      {
        "file": "assets/fonts/Kanit/24px/Kanit-24.fnt",
        "kind": "bitmapFont",
        "metadata": "",
        "name": "assets\\fonts\\Kanit\\24px\\Kanit-24.fnt",
        "userAdded": true
      },
      {
        "alwaysLoaded": false,
        "file": "assets/fonts/Kanit/24px/Kanit-24.png",
        "kind": "image",
        "metadata": "",
        "name": "assets\\fonts\\Kanit\\24px\\Kanit-24.png",
        "smoothed": true,
        "userAdded": false
      },
      {
        "alwaysLoaded": false,
        "file": "sprites/Towers/Cheerleader/C_Icon.png",
        "kind": "image",
        "metadata": "",
        "name": "sprites\\Towers\\Cheerleader\\C_Icon.png",
        "smoothed": true,
        "userAdded": false
      },
      {
        "alwaysLoaded": false,
        "file": "sprites/Towers/Volunteer/V_Icon.png",
        "kind": "image",
        "metadata": "",
        "name": "sprites\\Towers\\Volunteer\\V_Icon.png",
        "smoothed": true,
        "userAdded": true
      },
      {
        "alwaysLoaded": false,
        "file": "sprites/Towers/Career Guider/CG_Icon.png",
        "kind": "image",
        "metadata": "",
        "name": "sprites\\Towers\\Career Guider\\CG_Icon.png",
        "smoothed": true,
        "userAdded": true
      },
      {
        "alwaysLoaded": false,
        "file": "sprites/Towers/Soldier/S_Icon.png",
        "kind": "image",
        "metadata": "",
        "name": "sprites\\Towers\\Soldier\\S_Icon.png",
        "smoothed": true,
        "userAdded": true
      },
      {
        "alwaysLoaded": false,
        "file": "sprites/Towers/Firefighter/F_Icon.png",
        "kind": "image",
        "metadata": "",
        "name": "sprites\\Towers\\Firefighter\\F_Icon.png",
        "smoothed": true,
        "userAdded": true
      },
      {
        "alwaysLoaded": false,
        "file": "sprites/Towers/White Hat Hacker/WHH_Icon.png",
        "kind": "image",
        "metadata": "",
        "name": "sprites\\Towers\\White Hat Hacker\\WHH_Icon.png",
        "smoothed": true,
        "userAdded": false
      },
      {
        "alwaysLoaded": false,
        "file": "sprites/Towers/Caring Citizen/CC_Icon.png",
        "kind": "image",
        "metadata": "",
        "name": "sprites\\Towers\\Caring Citizen\\CC_Icon.png",
        "smoothed": true,
        "userAdded": true
      },
      {
        "alwaysLoaded": false,
        "file": "sprites/Towers/Community Leader/CL_Icon.png",
        "kind": "image",
        "metadata": "",
        "name": "sprites\\Towers\\Community Leader\\CL_Icon.png",
        "smoothed": true,
        "userAdded": true
      },
      {
        "alwaysLoaded": false,
        "file": "sprites/Towers/Investor/I_Icon.png",
        "kind": "image",
        "metadata": "",
        "name": "sprites\\Towers\\Investor\\I_Icon.png",
        "smoothed": true,
        "userAdded": true
      },
      {
        "alwaysLoaded": false,
        "file": "sprites/Towers/Intelligence Officer/IO_Icon.png",
        "kind": "image",
        "metadata": "",
        "name": "sprites\\Towers\\Intelligence Officer\\IO_Icon.png",
        "smoothed": true,
        "userAdded": true
      },
      {
        "alwaysLoaded": false,
        "file": "sprites/Towers/Doctor/D_Icon.png",
        "kind": "image",
        "metadata": "",
        "name": "sprites\\Towers\\Doctor\\D_Icon.png",
        "smoothed": true,
        "userAdded": true
      },
      {
        "alwaysLoaded": false,
        "file": "sprites/Towers/Discerning Citizen/DC_Icon.png",
        "kind": "image",
        "metadata": "",
        "name": "sprites\\Towers\\Discerning Citizen\\DC_Icon.png",
        "smoothed": true,
        "userAdded": true
      },
      {
        "alwaysLoaded": false,
        "file": "sprites/UI/Buy-Green-Coin.png",
        "kind": "image",
        "metadata": "",
        "name": "sprites\\UI\\Buy-Green-Coin.png",
        "smoothed": true,
        "userAdded": true
      },
      {
        "alwaysLoaded": false,
        "file": "sprites/UI/Events/Cyber Attack/Frame1-1-10.png",
        "kind": "image",
        "metadata": "",
        "name": "sprites\\UI\\Events\\Cyber Attack\\Frame1-1-10.png",
        "smoothed": true,
        "userAdded": true
      },
      {
        "alwaysLoaded": false,
        "file": "sprites/UI/Events/Cyber Attack/Frame1-2-10.png",
        "kind": "image",
        "metadata": "",
        "name": "sprites\\UI\\Events\\Cyber Attack\\Frame1-2-10.png",
        "smoothed": true,
        "userAdded": true
      },
      {
        "alwaysLoaded": false,
        "file": "sprites/UI/Events/Cyber Attack/Frame1-3-4.png",
        "kind": "image",
        "metadata": "",
        "name": "sprites\\UI\\Events\\Cyber Attack\\Frame1-3-4.png",
        "smoothed": true,
        "userAdded": true
      },
      {
        "alwaysLoaded": false,
        "file": "sprites/UI/Events/Terrorist Attack/TerroristAttack-1.png",
        "kind": "image",
        "metadata": "",
        "name": "sprites\\UI\\Events\\Terrorist Attack\\TerroristAttack-1.png",
        "smoothed": true,
        "userAdded": true
      },
      {
        "alwaysLoaded": false,
        "file": "sprites/UI/Ok.png",
        "kind": "image",
        "metadata": "",
        "name": "sprites\\UI\\Ok.png",
        "smoothed": true,
        "userAdded": true
      },
      {
        "alwaysLoaded": false,
        "file": "sprites/UI/Backdrops/Scary-Red-Gradient.png",
        "kind": "image",
        "metadata": "",
        "name": "sprites\\UI\\Backdrops\\Scary-Red-Gradient.png",
        "smoothed": true,
        "userAdded": true
      },
      {
        "alwaysLoaded": false,
        "file": "sprites/Projectiles/e-1-0.png",
        "kind": "image",
        "metadata": "{\"localFilePath\":\"sprites/Projectiles/e-1-0.png\",\"extension\":\".png\"}",
        "name": "sprites\\Projectiles\\e-1-0.png",
        "smoothed": true,
        "userAdded": false
      },
      {
        "alwaysLoaded": false,
        "file": "sprites/Projectiles/OfficerBullet.png",
        "kind": "image",
        "metadata": "",
        "name": "sprites\\Projectiles\\OfficerBullet.png",
        "smoothed": true,
        "userAdded": true
      },
      {
        "alwaysLoaded": false,
        "file": "sprites/Projectiles/Firefighter Projectile.png",
        "kind": "image",
        "metadata": "",
        "name": "sprites\\Projectiles\\Firefighter Projectile.png",
        "smoothed": true,
        "userAdded": true
      },
      {
        "alwaysLoaded": false,
        "file": "sprites/Projectiles/Cheerleader-Cure-1.png",
        "kind": "image",
        "metadata": "",
        "name": "sprites\\Projectiles\\Cheerleader-Cure-1.png",
        "smoothed": true,
        "userAdded": true
      },
      {
        "alwaysLoaded": false,
        "file": "Fire13-1.png",
        "kind": "image",
        "metadata": "",
        "name": "Fire13-1.png",
        "smoothed": true,
        "userAdded": false
      },
      {
        "alwaysLoaded": false,
        "file": "Background5.png",
        "kind": "image",
        "metadata": "",
        "name": "Background5.png",
        "smoothed": true,
        "userAdded": true
      },
      {
        "alwaysLoaded": false,
        "file": "EconomicStrangulation-1-1.png",
        "kind": "image",
        "metadata": "",
        "name": "EconomicStrangulation-1-1.png",
        "smoothed": true,
        "userAdded": true
      },
      {
        "alwaysLoaded": false,
        "file": "Disiniformation Campaign.png",
        "kind": "image",
        "metadata": "",
        "name": "Disiniformation Campaign.png",
        "smoothed": true,
        "userAdded": true
      },
      {
        "alwaysLoaded": false,
        "file": "Pandemic-1-8.png",
        "kind": "image",
        "metadata": "",
        "name": "Pandemic-1-8.png",
        "smoothed": true,
        "userAdded": false
      },
      {
        "alwaysLoaded": false,
        "file": "Pandemic-2-15.png",
        "kind": "image",
        "metadata": "",
        "name": "Pandemic-2-15.png",
        "smoothed": true,
        "userAdded": false
      },
      {
        "alwaysLoaded": false,
        "file": "Pandemic-3-8.png",
        "kind": "image",
        "metadata": "",
        "name": "Pandemic-3-8.png",
        "smoothed": true,
        "userAdded": false
      },
      {
        "alwaysLoaded": false,
        "file": "Pandemic-2-14.png",
        "kind": "image",
        "metadata": "",
        "name": "Pandemic-2-14.png",
        "smoothed": true,
        "userAdded": false
      },
      {
        "alwaysLoaded": false,
        "file": "MilitaryConflict-1-0.png",
        "kind": "image",
        "metadata": "",
        "name": "MilitaryConflict-1-0.png",
        "smoothed": true,
        "userAdded": true
      },
      {
        "alwaysLoaded": false,
        "file": "assets/sprites_Projectiles_Firefighter Trap.png2.png",
        "kind": "image",
        "metadata": "{\"extension\":\".png\"}",
        "name": "sprites\\Projectiles\\Firefighter Trap.png2",
        "smoothed": true,
        "userAdded": true
      },
      {
        "alwaysLoaded": false,
        "file": "assets/New image.png",
        "kind": "image",
        "metadata": "{\"extension\":\".png\",\"pskl\":{}}",
        "name": "New image",
        "smoothed": true,
        "userAdded": true
      },
      {
        "alwaysLoaded": false,
        "file": "assets/CanGroup.png2.png",
        "kind": "image",
        "metadata": "{\"extension\":\".png\"}",
        "name": "CanGroup.png2",
        "smoothed": true,
        "userAdded": true
      },
      {
        "file": "assets/nfdl_p1.ogg",
        "kind": "audio",
        "metadata": "",
        "name": "assets\\nfdl_p1.ogg",
        "preloadAsMusic": false,
        "preloadAsSound": false,
        "preloadInCache": false,
        "userAdded": true
      },
      {
        "file": "assets/nfdl_p2.ogg",
        "kind": "audio",
        "metadata": "",
        "name": "assets\\nfdl_p2.ogg",
        "preloadAsMusic": false,
        "preloadAsSound": false,
        "preloadInCache": false,
        "userAdded": true
      },
      {
        "alwaysLoaded": false,
        "file": "assets/CanDiscount.png",
        "kind": "image",
        "metadata": "{\"extension\":\".png\"}",
        "name": "CanDiscount",
        "smoothed": true,
        "userAdded": true
      },
      {
        "alwaysLoaded": false,
        "file": "assets/sprites_Projectiles_Intel Barrier.png2.png",
        "kind": "image",
        "metadata": "{\"extension\":\".png\"}",
        "name": "sprites\\Projectiles\\Intel Barrier.png2",
        "smoothed": true,
        "userAdded": true
      },
      {
        "alwaysLoaded": false,
        "file": "sprites/Projectiles/White Hat Projectile.png",
        "kind": "image",
        "metadata": "",
        "name": "sprites\\Projectiles\\White Hat Projectile.png",
        "smoothed": true,
        "userAdded": true
      },
      {
        "alwaysLoaded": false,
        "file": "TerroristAttack-1.png",
        "kind": "image",
        "metadata": "",
        "name": "TerroristAttack-1.png",
        "smoothed": true,
        "userAdded": true
      },
      {
        "alwaysLoaded": false,
        "file": "assets/sprites_Enemies_Internet Trolls_Walk_Frame1.png8.png",
        "kind": "image",
        "metadata": "{\"extension\":\".png\",\"localFilePath\":\"assets/sprites_Enemies_Internet Trolls_Walk_Frame1.png8.png\"}",
        "name": "sprites\\Enemies\\Internet Trolls\\Walk\\Frame1.png8",
        "smoothed": true,
        "userAdded": false
      },
      {
        "alwaysLoaded": false,
        "file": "assets/sprites_Enemies_Internet Trolls_Walk_Frame1.png9.png",
        "kind": "image",
        "metadata": "{\"extension\":\".png\",\"localFilePath\":\"assets/sprites_Enemies_Internet Trolls_Walk_Frame1.png9.png\"}",
        "name": "sprites\\Enemies\\Internet Trolls\\Walk\\Frame1.png9",
        "smoothed": true,
        "userAdded": false
      },
      {
        "alwaysLoaded": false,
        "file": "assets/sprites_Enemies_Internet Trolls_Walk_Frame1.png10.png",
        "kind": "image",
        "metadata": "{\"extension\":\".png\",\"localFilePath\":\"assets/sprites_Enemies_Internet Trolls_Walk_Frame1.png10.png\"}",
        "name": "sprites\\Enemies\\Internet Trolls\\Walk\\Frame1.png10",
        "smoothed": true,
        "userAdded": false
      },
      {
        "alwaysLoaded": false,
        "file": "assets/sprites_Enemies_Internet Trolls_Walk_Frame1.png11.png",
        "kind": "image",
        "metadata": "{\"extension\":\".png\",\"localFilePath\":\"assets/sprites_Enemies_Internet Trolls_Walk_Frame1.png11.png\"}",
        "name": "sprites\\Enemies\\Internet Trolls\\Walk\\Frame1.png11",
        "smoothed": true,
        "userAdded": false
      },
      {
        "alwaysLoaded": false,
        "file": "assets/sprites_Enemies_Internet Trolls_Walk_Frame1.png12.png",
        "kind": "image",
        "metadata": "{\"extension\":\".png\",\"localFilePath\":\"assets/sprites_Enemies_Internet Trolls_Walk_Frame1.png12.png\"}",
        "name": "sprites\\Enemies\\Internet Trolls\\Walk\\Frame1.png12",
        "smoothed": true,
        "userAdded": false
      },
      {
        "alwaysLoaded": false,
        "file": "assets/sprites_Enemies_Internet Trolls_Walk_Frame1.png13.png",
        "kind": "image",
        "metadata": "{\"extension\":\".png\",\"localFilePath\":\"assets/sprites_Enemies_Internet Trolls_Walk_Frame1.png13.png\"}",
        "name": "sprites\\Enemies\\Internet Trolls\\Walk\\Frame1.png13",
        "smoothed": true,
        "userAdded": false
      },
      {
        "alwaysLoaded": false,
        "file": "assets/NegThoughts3.png",
        "kind": "image",
        "metadata": "{\"extension\":\".png\",\"localFilePath\":\"assets/NegThoughts3.png\"}",
        "name": "NegThoughts3",
        "smoothed": true,
        "userAdded": false
      },
      {
        "alwaysLoaded": false,
        "file": "assets/CheerBoost.png",
        "kind": "image",
        "metadata": "{\"extension\":\".png\",\"localFilePath\":\"assets/CheerBoost.png\"}",
        "name": "CheerBoost",
        "smoothed": true,
        "userAdded": true
      },
      {
        "alwaysLoaded": false,
        "file": "assets/DiscernBoost.png",
        "kind": "image",
        "metadata": "{\"extension\":\".png\",\"localFilePath\":\"assets/DiscernBoost.png\"}",
        "name": "DiscernBoost",
        "smoothed": true,
        "userAdded": true
      },
      {
        "alwaysLoaded": false,
        "file": "assets/New image2.png",
        "kind": "image",
        "metadata": "{\"extension\":\".png\",\"pskl\":{}}",
        "name": "New image2",
        "smoothed": true,
        "userAdded": false
      },
      {
        "alwaysLoaded": false,
        "file": "assets/GoldIcon2.png",
        "kind": "image",
        "metadata": "{\"extension\":\".png\"}",
        "name": "GoldIcon",
        "smoothed": true,
        "userAdded": false
      },
      {
        "alwaysLoaded": false,
        "file": "assets/sprites_UI_CommSupport.png3.png",
        "kind": "image",
        "metadata": "{\"extension\":\".png\"}",
        "name": "sprites\\UI\\CommSupport.png3",
        "smoothed": true,
        "userAdded": true
      },
      {
        "file": "assets/ncdc.ogg",
        "kind": "audio",
        "metadata": "",
        "name": "assets\\ncdc.ogg",
        "preloadAsMusic": false,
        "preloadAsSound": false,
        "preloadInCache": false,
        "userAdded": false
      },
      {
        "file": "assets/nddl.ogg",
        "kind": "audio",
        "metadata": "",
        "name": "assets\\nddl.ogg",
        "preloadAsMusic": false,
        "preloadAsSound": false,
        "preloadInCache": false,
        "userAdded": true
      },
      {
        "file": "assets/nudr.ogg",
        "kind": "audio",
        "metadata": "",
        "name": "assets\\nudr.ogg",
        "preloadAsMusic": false,
        "preloadAsSound": false,
        "preloadInCache": false,
        "userAdded": true
      },
      {
        "alwaysLoaded": false,
        "file": "assets/New image3.png",
        "kind": "image",
        "metadata": "{\"extension\":\".png\",\"pskl\":{}}",
        "name": "New image3",
        "smoothed": true,
        "userAdded": true
      },
      {
        "alwaysLoaded": false,
        "file": "download.png",
        "kind": "image",
        "metadata": "{\"localFilePath\":\"download.png\",\"extension\":\".png\"}",
        "name": "download.png",
        "smoothed": true,
        "userAdded": false
      },
      {
        "alwaysLoaded": false,
        "file": "assets/Play.png",
        "kind": "image",
        "metadata": "",
        "name": "assets\\Play.png",
        "smoothed": true,
        "userAdded": true
      },
      {
        "alwaysLoaded": false,
        "file": "assets/assets_Buy.png2.png",
        "kind": "image",
        "metadata": "{\"extension\":\".png\"}",
        "name": "assets\\Buy.png2",
        "smoothed": true,
        "userAdded": false
      },
      {
        "alwaysLoaded": false,
        "file": "assets/assets_Next.png2.png",
        "kind": "image",
        "metadata": "{\"extension\":\".png\"}",
        "name": "assets\\Next.png2",
        "smoothed": true,
        "userAdded": false
      },
      {
        "alwaysLoaded": false,
        "file": "assets/IsGrouped.png",
        "kind": "image",
        "metadata": "{\"extension\":\".png\",\"localFilePath\":\"assets/IsGrouped.png\"}",
        "name": "IsGrouped",
        "smoothed": true,
        "userAdded": false
      },
      {
        "alwaysLoaded": false,
        "file": "assets/sprites_Enemies_SelfRad_still.png2.png",
        "kind": "image",
        "metadata": "{\"extension\":\".png\"}",
        "name": "sprites\\Enemies\\SelfRad\\still.png2",
        "smoothed": true,
        "userAdded": false
      },
      {
        "alwaysLoaded": false,
        "file": "assets/sprites_Projectiles_UnradicaliseProjectile.png2.png",
        "kind": "image",
        "metadata": "{\"extension\":\".png\"}",
        "name": "sprites\\Projectiles\\UnradicaliseProjectile.png2",
        "smoothed": true,
        "userAdded": true
      },
      {
        "alwaysLoaded": false,
        "file": "assets/sprites_Enemies_Terrorist_Run_frame_00001.png2.png",
        "kind": "image",
        "metadata": "{\"extension\":\".png\"}",
        "name": "sprites\\Enemies\\Terrorist\\Run\\frame_00001.png2",
        "smoothed": true,
        "userAdded": false
      },
      {
        "alwaysLoaded": false,
        "file": "assets/sprites_Enemies_Terrorist_Run_frame_00001.png3.png",
        "kind": "image",
        "metadata": "{\"extension\":\".png\"}",
        "name": "sprites\\Enemies\\Terrorist\\Run\\frame_00001.png3",
        "smoothed": true,
        "userAdded": false
      },
      {
        "alwaysLoaded": false,
        "file": "assets/sprites_Enemies_Terrorist_Run_frame_00001.png4.png",
        "kind": "image",
        "metadata": "{\"extension\":\".png\"}",
        "name": "sprites\\Enemies\\Terrorist\\Run\\frame_00001.png4",
        "smoothed": true,
        "userAdded": false
      },
      {
        "alwaysLoaded": false,
        "file": "assets/sprites_Enemies_Terrorist_Run_frame_00001.png5.png",
        "kind": "image",
        "metadata": "{\"extension\":\".png\"}",
        "name": "sprites\\Enemies\\Terrorist\\Run\\frame_00001.png5",
        "smoothed": true,
        "userAdded": false
      },
      {
        "alwaysLoaded": false,
        "file": "assets/sprites_Enemies_Terrorist_Run_frame_00001.png6.png",
        "kind": "image",
        "metadata": "{\"extension\":\".png\"}",
        "name": "sprites\\Enemies\\Terrorist\\Run\\frame_00001.png6",
        "smoothed": true,
        "userAdded": false
      },
      {
        "alwaysLoaded": false,
        "file": "assets/sprites_Enemies_Terrorist_Run_frame_00001.png7.png",
        "kind": "image",
        "metadata": "{\"extension\":\".png\"}",
        "name": "sprites\\Enemies\\Terrorist\\Run\\frame_00001.png7",
        "smoothed": true,
        "userAdded": false
      },
      {
        "alwaysLoaded": false,
        "file": "assets/sprites_Enemies_Terrorist_Run_frame_00001.png8.png",
        "kind": "image",
        "metadata": "{\"extension\":\".png\"}",
        "name": "sprites\\Enemies\\Terrorist\\Run\\frame_00001.png8",
        "smoothed": true,
        "userAdded": false
      },
      {
        "alwaysLoaded": false,
        "file": "assets/sprites_Enemies_Terrorist_Run_frame_00001.png9.png",
        "kind": "image",
        "metadata": "{\"extension\":\".png\"}",
        "name": "sprites\\Enemies\\Terrorist\\Run\\frame_00001.png9",
        "smoothed": true,
        "userAdded": false
      },
      {
        "alwaysLoaded": false,
        "file": "assets/sprites_Enemies_Terrorist_Run_frame_00001.png10.png",
        "kind": "image",
        "metadata": "{\"extension\":\".png\"}",
        "name": "sprites\\Enemies\\Terrorist\\Run\\frame_00001.png10",
        "smoothed": true,
        "userAdded": false
      },
      {
        "alwaysLoaded": false,
        "file": "assets/sprites_Enemies_Terrorist_Run_frame_00001.png11.png",
        "kind": "image",
        "metadata": "{\"extension\":\".png\"}",
        "name": "sprites\\Enemies\\Terrorist\\Run\\frame_00001.png11",
        "smoothed": true,
        "userAdded": false
      },
      {
        "alwaysLoaded": false,
        "file": "assets/sprites_Enemies_Terrorist_Run_frame_00001.png12.png",
        "kind": "image",
        "metadata": "{\"extension\":\".png\"}",
        "name": "sprites\\Enemies\\Terrorist\\Run\\frame_00001.png12",
        "smoothed": true,
        "userAdded": false
      },
      {
        "alwaysLoaded": false,
        "file": "assets/sprites_Enemies_Terrorist_Run_frame_00001.png13.png",
        "kind": "image",
        "metadata": "{\"extension\":\".png\"}",
        "name": "sprites\\Enemies\\Terrorist\\Run\\frame_00001.png13",
        "smoothed": true,
        "userAdded": false
      },
      {
        "alwaysLoaded": false,
        "file": "assets/sprites_Towers_Cheerleader_Idle_frame_00001.png3.png",
        "kind": "image",
        "metadata": "{\"extension\":\".png\"}",
        "name": "sprites\\Towers\\Cheerleader\\Idle\\frame_00001.png3",
        "smoothed": true,
        "userAdded": true
      },
      {
        "alwaysLoaded": false,
        "file": "assets/sprites_Towers_Caring Citizen_Idle_Picture2.png.png",
        "kind": "image",
        "metadata": "{\"extension\":\".png\"}",
        "name": "sprites\\Towers\\Caring Citizen\\Idle\\Picture2.png",
        "smoothed": true,
        "userAdded": true
      },
      {
        "alwaysLoaded": false,
        "file": "assets/sprites_Towers_Volunteer_Idle_frame_00003.png2.png",
        "kind": "image",
        "metadata": "{\"extension\":\".png\"}",
        "name": "sprites\\Towers\\Volunteer\\Idle\\frame_00003.png2",
        "smoothed": true,
        "userAdded": true
      },
      {
        "alwaysLoaded": false,
        "file": "assets/sprites_Towers_Community Leader_Idle_Picture4.png.png",
        "kind": "image",
        "metadata": "{\"extension\":\".png\"}",
        "name": "sprites\\Towers\\Community Leader\\Idle\\Picture4.png",
        "smoothed": true,
        "userAdded": true
      },
      {
        "alwaysLoaded": false,
        "file": "assets/Picture5.png",
        "kind": "image",
        "metadata": "{\"extension\":\".png\"}",
        "name": "Picture5",
        "smoothed": true,
        "userAdded": true
      },
      {
        "alwaysLoaded": false,
        "file": "assets/sprites_Towers_Investor_Idle_Picture6.png3.png",
        "kind": "image",
        "metadata": "{\"extension\":\".png\"}",
        "name": "sprites\\Towers\\Investor\\Idle\\Picture6.png3",
        "smoothed": true,
        "userAdded": true
      },
      {
        "alwaysLoaded": false,
        "file": "assets/Untitled2.png",
        "kind": "image",
        "metadata": "{\"localFilePath\":\"assets/Untitled2.png\",\"extension\":\".png\"}",
        "name": "assets\\Untitled2.png",
        "smoothed": true,
        "userAdded": true
      },
      {
        "alwaysLoaded": false,
        "file": "assets/Soldier.png",
        "kind": "image",
        "metadata": "{\"extension\":\".png\"}",
        "name": "Soldier",
        "smoothed": true,
        "userAdded": true
      },
      {
        "alwaysLoaded": false,
        "file": "assets/sprites_Towers_Intelligence Officer_Idle_Picture1.png.png",
        "kind": "image",
        "metadata": "{\"extension\":\".png\"}",
        "name": "sprites\\Towers\\Intelligence Officer\\Idle\\Picture1.png",
        "smoothed": true,
        "userAdded": false
      },
      {
        "alwaysLoaded": false,
        "file": "assets/sprites_Towers_Firefighter_Idle_Firefighter.png.png",
        "kind": "image",
        "metadata": "{\"extension\":\".png\"}",
        "name": "sprites\\Towers\\Firefighter\\Idle\\Firefighter.png",
        "smoothed": true,
        "userAdded": false
      },
      {
        "alwaysLoaded": false,
        "file": "assets/sprites_Towers_Doctor_Idle_Picture7.png.png",
        "kind": "image",
        "metadata": "{\"extension\":\".png\"}",
        "name": "sprites\\Towers\\Doctor\\Idle\\Picture7.png",
        "smoothed": true,
        "userAdded": true
      },
      {
        "alwaysLoaded": false,
        "file": "assets/WhiteHat.png",
        "kind": "image",
        "metadata": "{\"extension\":\".png\"}",
        "name": "WhiteHat",
        "smoothed": true,
        "userAdded": true
      },
      {
        "alwaysLoaded": false,
        "file": "assets/sprites_Towers_Discerning Citizen_Idle_Picture8.png.png",
        "kind": "image",
        "metadata": "{\"extension\":\".png\"}",
        "name": "sprites\\Towers\\Discerning Citizen\\Idle\\Picture8.png",
        "smoothed": true,
        "userAdded": false
      },
      {
        "alwaysLoaded": false,
        "file": "assets/Menu.png",
        "kind": "image",
        "metadata": "",
        "name": "assets\\Menu.png",
        "smoothed": true,
        "userAdded": true
      },
      {
        "alwaysLoaded": false,
        "file": "assets/New image42.png",
        "kind": "image",
        "metadata": "{\"extension\":\".png\",\"pskl\":{}}",
        "name": "New image42",
        "smoothed": true,
        "userAdded": false
      },
      {
        "alwaysLoaded": false,
        "file": "assets/Apply.png",
        "kind": "image",
        "metadata": "",
        "name": "assets\\Apply.png",
        "smoothed": true,
        "userAdded": true
      },
      {
        "alwaysLoaded": false,
        "file": "assets/sprites_Effects_RiotWarning.png4.png",
        "kind": "image",
        "metadata": "{\"extension\":\".png\"}",
        "name": "sprites\\Effects\\RiotWarning.png4",
        "smoothed": true,
        "userAdded": false
      },
      {
        "alwaysLoaded": false,
        "file": "assets/sprites_UI_CommSupport.png32.png",
        "kind": "image",
        "metadata": "{\"extension\":\".png\",\"pskl\":{}}",
        "name": "sprites\\UI\\CommSupport.png32",
        "smoothed": true,
        "userAdded": true
      },
      {
        "file": "assets/fire.wav",
        "kind": "audio",
        "metadata": "{\"extension\":\".wav\",\"jfxr\":{\"data\":\"{\\\"_version\\\":1,\\\"_name\\\":\\\"Laser/shoot 7\\\",\\\"_locked\\\":[],\\\"sampleRate\\\":44100,\\\"attack\\\":0,\\\"sustain\\\":0.06,\\\"sustainPunch\\\":40,\\\"decay\\\":0.05,\\\"tremoloDepth\\\":0,\\\"tremoloFrequency\\\":10,\\\"frequency\\\":536.6171894555281,\\\"frequencySweep\\\":-500,\\\"frequencyDeltaSweep\\\":-1400,\\\"repeatFrequency\\\":0,\\\"frequencyJump1Onset\\\":33,\\\"frequencyJump1Amount\\\":0,\\\"frequencyJump2Onset\\\":66,\\\"frequencyJump2Amount\\\":0,\\\"harmonics\\\":0,\\\"harmonicsFalloff\\\":0.5,\\\"waveform\\\":\\\"sawtooth\\\",\\\"interpolateNoise\\\":true,\\\"vibratoDepth\\\":0,\\\"vibratoFrequency\\\":10,\\\"squareDuty\\\":70,\\\"squareDutySweep\\\":60,\\\"flangerOffset\\\":0,\\\"flangerOffsetSweep\\\":0,\\\"bitCrush\\\":16,\\\"bitCrushSweep\\\":0,\\\"lowPassCutoff\\\":3426.5196875526262,\\\"lowPassCutoffSweep\\\":0,\\\"highPassCutoff\\\":0,\\\"highPassCutoffSweep\\\":0,\\\"compression\\\":1,\\\"normalization\\\":true,\\\"amplification\\\":100}\",\"name\":\"fire\"}}",
        "name": "fire",
        "preloadAsMusic": false,
        "preloadAsSound": false,
        "preloadInCache": false,
        "userAdded": true
      },
      {
        "file": "assets/destroyed.wav",
        "kind": "audio",
        "metadata": "{\"extension\":\".wav\",\"jfxr\":{\"data\":\"{\\\"_version\\\":1,\\\"_name\\\":\\\"Explosion 6\\\",\\\"_locked\\\":[],\\\"sampleRate\\\":44100,\\\"attack\\\":0,\\\"sustain\\\":0.07,\\\"sustainPunch\\\":0,\\\"decay\\\":0.33,\\\"tremoloDepth\\\":0,\\\"tremoloFrequency\\\":10,\\\"frequency\\\":10000,\\\"frequencySweep\\\":-4600,\\\"frequencyDeltaSweep\\\":-2600,\\\"repeatFrequency\\\":0,\\\"frequencyJump1Onset\\\":33,\\\"frequencyJump1Amount\\\":0,\\\"frequencyJump2Onset\\\":66,\\\"frequencyJump2Amount\\\":0,\\\"harmonics\\\":0,\\\"harmonicsFalloff\\\":0.5,\\\"waveform\\\":\\\"brownnoise\\\",\\\"interpolateNoise\\\":true,\\\"vibratoDepth\\\":0,\\\"vibratoFrequency\\\":10,\\\"squareDuty\\\":50,\\\"squareDutySweep\\\":0,\\\"flangerOffset\\\":0,\\\"flangerOffsetSweep\\\":0,\\\"bitCrush\\\":16,\\\"bitCrushSweep\\\":0,\\\"lowPassCutoff\\\":1426.3605340903816,\\\"lowPassCutoffSweep\\\":-0.15719810091153863,\\\"highPassCutoff\\\":0,\\\"highPassCutoffSweep\\\":0,\\\"compression\\\":1,\\\"normalization\\\":true,\\\"amplification\\\":100}\",\"name\":\"destroyed\"},\"localFilePath\":\"assets/destroyed.wav\"}",
        "name": "destroyed",
        "preloadAsMusic": false,
        "preloadAsSound": false,
        "preloadInCache": false,
        "userAdded": true
      },
      {
        "alwaysLoaded": false,
        "file": "maybe.png",
        "kind": "image",
        "metadata": "",
        "name": "maybe.png",
        "smoothed": true,
        "userAdded": true
      },
      {
        "alwaysLoaded": false,
        "file": "assets/NewFile-1-4-1.png2.png",
        "kind": "image",
        "metadata": "{\"extension\":\".png\",\"pskl\":{}}",
        "name": "NewFile-1-4-1.png2",
        "smoothed": true,
        "userAdded": false
      },
      {
        "alwaysLoaded": false,
        "file": "sprites/Enemies/Internet Trolls/Trollruncycle/frame_00001.png",
        "kind": "image",
        "metadata": "",
        "name": "sprites\\Enemies\\Internet Trolls\\Trollruncycle\\frame_00001.png",
        "smoothed": true,
        "userAdded": false
      },
      {
        "alwaysLoaded": false,
        "file": "sprites/Enemies/Internet Trolls/Trollruncycle/frame_00002.png",
        "kind": "image",
        "metadata": "",
        "name": "sprites\\Enemies\\Internet Trolls\\Trollruncycle\\frame_00002.png",
        "smoothed": true,
        "userAdded": true
      },
      {
        "alwaysLoaded": false,
        "file": "sprites/Enemies/Internet Trolls/Trollruncycle/frame_00003.png",
        "kind": "image",
        "metadata": "",
        "name": "sprites\\Enemies\\Internet Trolls\\Trollruncycle\\frame_00003.png",
        "smoothed": true,
        "userAdded": true
      },
      {
        "alwaysLoaded": false,
        "file": "sprites/Enemies/Internet Trolls/Trollruncycle/frame_00004.png",
        "kind": "image",
        "metadata": "",
        "name": "sprites\\Enemies\\Internet Trolls\\Trollruncycle\\frame_00004.png",
        "smoothed": true,
        "userAdded": true
      },
      {
        "alwaysLoaded": false,
        "file": "sprites/Enemies/Internet Trolls/Trollruncycle/frame_00005.png",
        "kind": "image",
        "metadata": "",
        "name": "sprites\\Enemies\\Internet Trolls\\Trollruncycle\\frame_00005.png",
        "smoothed": true,
        "userAdded": true
      },
      {
        "alwaysLoaded": false,
        "file": "sprites/Enemies/Internet Trolls/Trollruncycle/frame_00006.png",
        "kind": "image",
        "metadata": "",
        "name": "sprites\\Enemies\\Internet Trolls\\Trollruncycle\\frame_00006.png",
        "smoothed": true,
        "userAdded": true
      },
      {
        "alwaysLoaded": false,
        "file": "sprites/Enemies/Internet Trolls/Trollruncycle/frame_00007.png",
        "kind": "image",
        "metadata": "",
        "name": "sprites\\Enemies\\Internet Trolls\\Trollruncycle\\frame_00007.png",
        "smoothed": true,
        "userAdded": true
      },
      {
        "alwaysLoaded": false,
        "file": "sprites/Enemies/Internet Trolls/Trollruncycle/frame_00008.png",
        "kind": "image",
        "metadata": "",
        "name": "sprites\\Enemies\\Internet Trolls\\Trollruncycle\\frame_00008.png",
        "smoothed": true,
        "userAdded": false
      },
      {
        "alwaysLoaded": false,
        "file": "sprites/Enemies/Internet Trolls/Trollruncycle/frame_00009.png",
        "kind": "image",
        "metadata": "",
        "name": "sprites\\Enemies\\Internet Trolls\\Trollruncycle\\frame_00009.png",
        "smoothed": true,
        "userAdded": false
      },
      {
        "alwaysLoaded": false,
        "file": "sprites/Enemies/Internet Trolls/Trollruncycle/frame_00010.png",
        "kind": "image",
        "metadata": "",
        "name": "sprites\\Enemies\\Internet Trolls\\Trollruncycle\\frame_00010.png",
        "smoothed": true,
        "userAdded": true
      },
      {
        "alwaysLoaded": false,
        "file": "sprites/Enemies/Internet Trolls/Trollruncycle/frame_00011.png",
        "kind": "image",
        "metadata": "",
        "name": "sprites\\Enemies\\Internet Trolls\\Trollruncycle\\frame_00011.png",
        "smoothed": true,
        "userAdded": false
      },
      {
        "alwaysLoaded": false,
        "file": "sprites/Enemies/Internet Trolls/Trollruncycle/frame_00012.png",
        "kind": "image",
        "metadata": "",
        "name": "sprites\\Enemies\\Internet Trolls\\Trollruncycle\\frame_00012.png",
        "smoothed": true,
        "userAdded": false
      },
      {
        "alwaysLoaded": false,
        "file": "assets/sprites_Enemies_Internet Trolls_Trollruncycle_frame_00001.png2.png",
        "kind": "image",
        "metadata": "{\"extension\":\".png\"}",
        "name": "sprites\\Enemies\\Internet Trolls\\Trollruncycle\\frame_00001.png2",
        "smoothed": true,
        "userAdded": false
      },
      {
        "alwaysLoaded": false,
        "file": "assets/sprites_Enemies_Internet Trolls_Trollruncycle_frame_00001.png3.png",
        "kind": "image",
        "metadata": "{\"extension\":\".png\"}",
        "name": "sprites\\Enemies\\Internet Trolls\\Trollruncycle\\frame_00001.png3",
        "smoothed": true,
        "userAdded": true
      },
      {
        "alwaysLoaded": false,
        "file": "assets/sprites_Enemies_Internet Trolls_Trollruncycle_frame_00001.png4.png",
        "kind": "image",
        "metadata": "{\"extension\":\".png\"}",
        "name": "sprites\\Enemies\\Internet Trolls\\Trollruncycle\\frame_00001.png4",
        "smoothed": true,
        "userAdded": true
      },
      {
        "alwaysLoaded": false,
        "file": "assets/sprites_Enemies_Internet Trolls_Trollruncycle_frame_00001.png5.png",
        "kind": "image",
        "metadata": "{\"extension\":\".png\"}",
        "name": "sprites\\Enemies\\Internet Trolls\\Trollruncycle\\frame_00001.png5",
        "smoothed": true,
        "userAdded": true
      },
      {
        "alwaysLoaded": false,
        "file": "assets/sprites_Enemies_Internet Trolls_Trollruncycle_frame_00001.png6.png",
        "kind": "image",
        "metadata": "{\"extension\":\".png\"}",
        "name": "sprites\\Enemies\\Internet Trolls\\Trollruncycle\\frame_00001.png6",
        "smoothed": true,
        "userAdded": true
      },
      {
        "alwaysLoaded": false,
        "file": "assets/sprites_Enemies_Internet Trolls_Trollruncycle_frame_00001.png7.png",
        "kind": "image",
        "metadata": "{\"extension\":\".png\"}",
        "name": "sprites\\Enemies\\Internet Trolls\\Trollruncycle\\frame_00001.png7",
        "smoothed": true,
        "userAdded": true
      },
      {
        "alwaysLoaded": false,
        "file": "assets/sprites_Enemies_Internet Trolls_Trollruncycle_frame_00001.png8.png",
        "kind": "image",
        "metadata": "{\"extension\":\".png\"}",
        "name": "sprites\\Enemies\\Internet Trolls\\Trollruncycle\\frame_00001.png8",
        "smoothed": true,
        "userAdded": true
      },
      {
        "alwaysLoaded": false,
        "file": "assets/sprites_Enemies_Internet Trolls_Trollruncycle_frame_00001.png9.png",
        "kind": "image",
        "metadata": "{\"extension\":\".png\"}",
        "name": "sprites\\Enemies\\Internet Trolls\\Trollruncycle\\frame_00001.png9",
        "smoothed": true,
        "userAdded": true
      },
      {
        "alwaysLoaded": false,
        "file": "assets/sprites_Enemies_Internet Trolls_Trollruncycle_frame_00001.png10.png",
        "kind": "image",
        "metadata": "{\"extension\":\".png\"}",
        "name": "sprites\\Enemies\\Internet Trolls\\Trollruncycle\\frame_00001.png10",
        "smoothed": true,
        "userAdded": true
      },
      {
        "alwaysLoaded": false,
        "file": "assets/sprites_Enemies_Internet Trolls_Trollruncycle_frame_00001.png11.png",
        "kind": "image",
        "metadata": "{\"extension\":\".png\"}",
        "name": "sprites\\Enemies\\Internet Trolls\\Trollruncycle\\frame_00001.png11",
        "smoothed": true,
        "userAdded": true
      },
      {
        "alwaysLoaded": false,
        "file": "assets/sprites_Enemies_Internet Trolls_Trollruncycle_frame_00001.png12.png",
        "kind": "image",
        "metadata": "{\"extension\":\".png\"}",
        "name": "sprites\\Enemies\\Internet Trolls\\Trollruncycle\\frame_00001.png12",
        "smoothed": true,
        "userAdded": true
      },
      {
        "alwaysLoaded": false,
        "file": "assets/sprites_Enemies_Internet Trolls_Trollruncycle_frame_00001.png13.png",
        "kind": "image",
        "metadata": "{\"extension\":\".png\"}",
        "name": "sprites\\Enemies\\Internet Trolls\\Trollruncycle\\frame_00001.png13",
        "smoothed": true,
        "userAdded": true
      },
      {
        "alwaysLoaded": false,
        "file": "sprites/Enemies/SelfRad/SelfRadRunCycle/frame_00001.png",
        "kind": "image",
        "metadata": "",
        "name": "sprites\\Enemies\\SelfRad\\SelfRadRunCycle\\frame_00001.png",
        "smoothed": true,
        "userAdded": true
      },
      {
        "alwaysLoaded": false,
        "file": "sprites/Enemies/SelfRad/SelfRadRunCycle/frame_00002.png",
        "kind": "image",
        "metadata": "",
        "name": "sprites\\Enemies\\SelfRad\\SelfRadRunCycle\\frame_00002.png",
        "smoothed": true,
        "userAdded": false
      },
      {
        "alwaysLoaded": false,
        "file": "sprites/Enemies/SelfRad/SelfRadRunCycle/frame_00003.png",
        "kind": "image",
        "metadata": "",
        "name": "sprites\\Enemies\\SelfRad\\SelfRadRunCycle\\frame_00003.png",
        "smoothed": true,
        "userAdded": true
      },
      {
        "alwaysLoaded": false,
        "file": "sprites/Enemies/SelfRad/SelfRadRunCycle/frame_00004.png",
        "kind": "image",
        "metadata": "",
        "name": "sprites\\Enemies\\SelfRad\\SelfRadRunCycle\\frame_00004.png",
        "smoothed": true,
        "userAdded": false
      },
      {
        "alwaysLoaded": false,
        "file": "sprites/Enemies/SelfRad/SelfRadRunCycle/frame_00005.png",
        "kind": "image",
        "metadata": "",
        "name": "sprites\\Enemies\\SelfRad\\SelfRadRunCycle\\frame_00005.png",
        "smoothed": true,
        "userAdded": false
      },
      {
        "alwaysLoaded": false,
        "file": "sprites/Enemies/SelfRad/SelfRadRunCycle/frame_00006.png",
        "kind": "image",
        "metadata": "",
        "name": "sprites\\Enemies\\SelfRad\\SelfRadRunCycle\\frame_00006.png",
        "smoothed": true,
        "userAdded": true
      },
      {
        "alwaysLoaded": false,
        "file": "sprites/Enemies/SelfRad/SelfRadRunCycle/frame_00007.png",
        "kind": "image",
        "metadata": "",
        "name": "sprites\\Enemies\\SelfRad\\SelfRadRunCycle\\frame_00007.png",
        "smoothed": true,
        "userAdded": false
      },
      {
        "alwaysLoaded": false,
        "file": "sprites/Enemies/SelfRad/SelfRadRunCycle/frame_00008.png",
        "kind": "image",
        "metadata": "",
        "name": "sprites\\Enemies\\SelfRad\\SelfRadRunCycle\\frame_00008.png",
        "smoothed": true,
        "userAdded": true
      },
      {
        "alwaysLoaded": false,
        "file": "sprites/Enemies/SelfRad/SelfRadRunCycle/frame_00009.png",
        "kind": "image",
        "metadata": "",
        "name": "sprites\\Enemies\\SelfRad\\SelfRadRunCycle\\frame_00009.png",
        "smoothed": true,
        "userAdded": true
      },
      {
        "alwaysLoaded": false,
        "file": "sprites/Enemies/SelfRad/SelfRadRunCycle/frame_00010.png",
        "kind": "image",
        "metadata": "",
        "name": "sprites\\Enemies\\SelfRad\\SelfRadRunCycle\\frame_00010.png",
        "smoothed": true,
        "userAdded": true
      },
      {
        "alwaysLoaded": false,
        "file": "sprites/Enemies/SelfRad/SelfRadRunCycle/frame_00011.png",
        "kind": "image",
        "metadata": "",
        "name": "sprites\\Enemies\\SelfRad\\SelfRadRunCycle\\frame_00011.png",
        "smoothed": true,
        "userAdded": false
      },
      {
        "alwaysLoaded": false,
        "file": "sprites/Enemies/SelfRad/SelfRadRunCycle/frame_00012.png",
        "kind": "image",
        "metadata": "",
        "name": "sprites\\Enemies\\SelfRad\\SelfRadRunCycle\\frame_00012.png",
        "smoothed": true,
        "userAdded": false
      },
      {
        "alwaysLoaded": false,
        "file": "assets/sprites_Enemies_SelfRad_SelfRadRunCycle_frame_00001.png2.png",
        "kind": "image",
        "metadata": "{\"extension\":\".png\"}",
        "name": "sprites\\Enemies\\SelfRad\\SelfRadRunCycle\\frame_00001.png2",
        "smoothed": true,
        "userAdded": false
      },
      {
        "alwaysLoaded": false,
        "file": "assets/sprites_Enemies_SelfRad_SelfRadRunCycle_frame_00001.png3.png",
        "kind": "image",
        "metadata": "{\"extension\":\".png\"}",
        "name": "sprites\\Enemies\\SelfRad\\SelfRadRunCycle\\frame_00001.png3",
        "smoothed": true,
        "userAdded": false
      },
      {
        "alwaysLoaded": false,
        "file": "assets/sprites_Enemies_SelfRad_SelfRadRunCycle_frame_00001.png4.png",
        "kind": "image",
        "metadata": "{\"extension\":\".png\"}",
        "name": "sprites\\Enemies\\SelfRad\\SelfRadRunCycle\\frame_00001.png4",
        "smoothed": true,
        "userAdded": false
      },
      {
        "alwaysLoaded": false,
        "file": "assets/sprites_Enemies_SelfRad_SelfRadRunCycle_frame_00001.png5.png",
        "kind": "image",
        "metadata": "{\"extension\":\".png\"}",
        "name": "sprites\\Enemies\\SelfRad\\SelfRadRunCycle\\frame_00001.png5",
        "smoothed": true,
        "userAdded": false
      },
      {
        "alwaysLoaded": false,
        "file": "assets/sprites_Enemies_SelfRad_SelfRadRunCycle_frame_00001.png6.png",
        "kind": "image",
        "metadata": "{\"extension\":\".png\"}",
        "name": "sprites\\Enemies\\SelfRad\\SelfRadRunCycle\\frame_00001.png6",
        "smoothed": true,
        "userAdded": false
      },
      {
        "alwaysLoaded": false,
        "file": "assets/sprites_Enemies_SelfRad_SelfRadRunCycle_frame_00001.png7.png",
        "kind": "image",
        "metadata": "{\"extension\":\".png\"}",
        "name": "sprites\\Enemies\\SelfRad\\SelfRadRunCycle\\frame_00001.png7",
        "smoothed": true,
        "userAdded": false
      },
      {
        "alwaysLoaded": false,
        "file": "assets/sprites_Enemies_SelfRad_SelfRadRunCycle_frame_00001.png8.png",
        "kind": "image",
        "metadata": "{\"extension\":\".png\"}",
        "name": "sprites\\Enemies\\SelfRad\\SelfRadRunCycle\\frame_00001.png8",
        "smoothed": true,
        "userAdded": false
      },
      {
        "alwaysLoaded": false,
        "file": "assets/sprites_Enemies_SelfRad_SelfRadRunCycle_frame_00001.png9.png",
        "kind": "image",
        "metadata": "{\"extension\":\".png\"}",
        "name": "sprites\\Enemies\\SelfRad\\SelfRadRunCycle\\frame_00001.png9",
        "smoothed": true,
        "userAdded": false
      },
      {
        "alwaysLoaded": false,
        "file": "assets/sprites_Enemies_SelfRad_SelfRadRunCycle_frame_00001.png10.png",
        "kind": "image",
        "metadata": "{\"extension\":\".png\"}",
        "name": "sprites\\Enemies\\SelfRad\\SelfRadRunCycle\\frame_00001.png10",
        "smoothed": true,
        "userAdded": false
      },
      {
        "alwaysLoaded": false,
        "file": "assets/sprites_Enemies_SelfRad_SelfRadRunCycle_frame_00001.png11.png",
        "kind": "image",
        "metadata": "{\"extension\":\".png\"}",
        "name": "sprites\\Enemies\\SelfRad\\SelfRadRunCycle\\frame_00001.png11",
        "smoothed": true,
        "userAdded": false
      },
      {
        "alwaysLoaded": false,
        "file": "assets/sprites_Enemies_SelfRad_SelfRadRunCycle_frame_00001.png12.png",
        "kind": "image",
        "metadata": "{\"extension\":\".png\"}",
        "name": "sprites\\Enemies\\SelfRad\\SelfRadRunCycle\\frame_00001.png12",
        "smoothed": true,
        "userAdded": false
      },
      {
        "alwaysLoaded": false,
        "file": "assets/sprites_Enemies_SelfRad_SelfRadRunCycle_frame_00001.png13.png",
        "kind": "image",
        "metadata": "{\"extension\":\".png\"}",
        "name": "sprites\\Enemies\\SelfRad\\SelfRadRunCycle\\frame_00001.png13",
        "smoothed": true,
        "userAdded": false
      },
      {
        "alwaysLoaded": false,
        "file": "assets/New image42.png",
        "kind": "image",
        "metadata": "",
        "name": "assets\\New image42.png",
        "smoothed": true,
        "userAdded": true
      },
      {
        "alwaysLoaded": false,
        "file": "sprites/UI/White-Grey-TextBacking.png",
        "kind": "image",
        "metadata": "",
        "name": "sprites/UI/White-Grey-TextBacking.png",
        "smoothed": true,
        "userAdded": true
      },
      {
        "file": "assets/fonts/AlbaSlab/48px/Alba Slab 48px.fnt",
        "kind": "bitmapFont",
        "metadata": "",
        "name": "assets/fonts/AlbaSlab/48px/Alba Slab 48px.fnt",
        "userAdded": true
      },
      {
        "alwaysLoaded": false,
        "file": "assets/fonts/AlbaSlab/48px/Alba Slab 48px.png",
        "kind": "image",
        "metadata": "",
        "name": "assets/fonts/AlbaSlab/48px/Alba Slab 48px.png",
        "smoothed": true,
        "userAdded": true
      },
      {
        "alwaysLoaded": false,
        "file": "assets/Small Plastic Green Round Switch_Off.png",
        "kind": "image",
        "metadata": "",
        "name": "Small Plastic Green Round Switch_Off.png",
        "smoothed": true,
        "userAdded": false,
        "origin": {
          "identifier": "https://asset-resources.gdevelop.io/public-resources/Settings UI/Toggle Switch/80b157db1711ebc0166b1e42ff29bbf8837b5c9a0b1d62494e8eb5ca06837a31_Small Plastic Green Round Switch_Off.png",
          "name": "Small Plastic Green Round Switch_Off.png"
        }
      },
      {
        "alwaysLoaded": false,
        "file": "assets/Small Plastic Green Round Switch_On.png",
        "kind": "image",
        "metadata": "",
        "name": "Small Plastic Green Round Switch_On.png",
        "smoothed": true,
        "userAdded": false,
        "origin": {
          "identifier": "https://asset-resources.gdevelop.io/public-resources/Settings UI/Toggle Switch/0af9e04c0c382482aeeaa36bc713a626249d6f6df3280bbccc6a042973ad555c_Small Plastic Green Round Switch_On.png",
          "name": "Small Plastic Green Round Switch_On.png"
        }
      },
      {
        "alwaysLoaded": false,
        "file": "assets/Unchecked.png",
        "kind": "image",
        "metadata": "{\"extension\":\".png\"}",
        "name": "Unchecked",
        "smoothed": true,
        "userAdded": true
      },
      {
        "alwaysLoaded": false,
        "file": "assets/Small Plastic Green Round Switch_Off.png",
        "kind": "image",
        "metadata": "",
        "name": "assets/Small Plastic Green Round Switch_Off.png",
        "smoothed": true,
        "userAdded": true
      },
      {
        "alwaysLoaded": false,
        "file": "assets/Square Blue Slider Border.png",
        "kind": "image",
        "metadata": "",
        "name": "Square Blue Slider Border.png",
        "smoothed": false,
        "userAdded": false,
        "origin": {
          "identifier": "https://asset-resources.gdevelop.io/public-resources/Settings UI/Slider/pixel art/4358a20ce4a1e83f8643b287f37cefadefc1941d23cfdc50a3836ecd0dd209f1_Square Blue Slider Border.png",
          "name": "Square Blue Slider Border.png"
        }
      },
      {
        "alwaysLoaded": false,
        "file": "assets/Square Blue Slider Fill Bar.png",
        "kind": "image",
        "metadata": "",
        "name": "Square Blue Slider Fill Bar.png",
        "smoothed": false,
        "userAdded": false,
        "origin": {
          "identifier": "https://asset-resources.gdevelop.io/public-resources/Settings UI/Slider/pixel art/71e7d4c8549a750e6e7b6bc6508a352176cb64a57129e96bdd8f2c5bbc187820_Square Blue Slider Fill Bar.png",
          "name": "Square Blue Slider Fill Bar.png"
        }
      },
      {
        "alwaysLoaded": false,
        "file": "assets/Square Blue Slider Thumb.png",
        "kind": "image",
        "metadata": "",
        "name": "Square Blue Slider Thumb.png",
        "smoothed": false,
        "userAdded": false,
        "origin": {
          "identifier": "https://asset-resources.gdevelop.io/public-resources/Settings UI/Slider/pixel art/984a68a8bbb562d3f01a8a1993720778df07d37bb3314ed6f1aaf3d4f0edede3_Square Blue Slider Thumb.png",
          "name": "Square Blue Slider Thumb.png"
        }
      },
      {
        "alwaysLoaded": false,
        "file": "assets/Blue Button_Hovered.png",
        "kind": "image",
        "metadata": "",
        "name": "Blue Button_Hovered.png",
        "smoothed": true,
        "userAdded": false,
        "origin": {
          "identifier": "https://asset-resources.gdevelop.io/public-resources/Menu buttons/1ffd07cb739df2a909155dd3057f6def46b833ced6ef1a09527b6ea59e88e464_Blue Button_Hovered.png",
          "name": "Blue Button_Hovered.png"
        }
      },
      {
        "alwaysLoaded": false,
        "file": "assets/Blue Button_Idle.png",
        "kind": "image",
        "metadata": "",
        "name": "Blue Button_Idle.png",
        "smoothed": true,
        "userAdded": false,
        "origin": {
          "identifier": "https://asset-resources.gdevelop.io/public-resources/Menu buttons/eeac55458b66fb84f756b38085fbf7d1e079c39363c942abd35ea9d0939465ce_Blue Button_Idle.png",
          "name": "Blue Button_Idle.png"
        }
      },
      {
        "alwaysLoaded": false,
        "file": "assets/Blue Button_Pressed.png",
        "kind": "image",
        "metadata": "",
        "name": "Blue Button_Pressed.png",
        "smoothed": true,
        "userAdded": false,
        "origin": {
          "identifier": "https://asset-resources.gdevelop.io/public-resources/Menu buttons/f0ede8843d544f6e84bc09299a8aabffbce558966f25af98f7b47ab1648217ce_Blue Button_Pressed.png",
          "name": "Blue Button_Pressed.png"
        }
      },
      {
        "file": "assets/Gun 5.aac",
        "kind": "audio",
        "metadata": "",
        "name": "11eced6b87fafec1d0cd90f71213fb28910ebd8e05a614bdbd44a1040f876472_Gun 5.aac",
        "preloadAsMusic": false,
        "preloadAsSound": false,
        "preloadInCache": false,
        "userAdded": true,
        "origin": {
          "identifier": "https://asset-resources.gdevelop.io/public-resources/Western FPS 2D/Sound/11eced6b87fafec1d0cd90f71213fb28910ebd8e05a614bdbd44a1040f876472_Gun 5.aac",
          "name": "gdevelop-asset-store"
        }
      },
      {
        "file": "assets/Gun 5.aac",
        "kind": "audio",
        "metadata": "",
        "name": "assets/Gun 5.aac",
        "preloadAsMusic": false,
        "preloadAsSound": false,
        "preloadInCache": false,
        "userAdded": true
      },
      {
        "file": "assets/fire.ogg",
        "kind": "audio",
        "metadata": "",
        "name": "assets/fire.ogg",
        "preloadAsMusic": false,
        "preloadAsSound": true,
        "preloadInCache": false,
        "userAdded": true
      },
      {
        "file": "assets/button_beep.wav",
        "kind": "audio",
        "metadata": "{\"extension\":\".wav\",\"jfxr\":{\"data\":\"{\\\"_version\\\":1,\\\"_name\\\":\\\"Blip/select 15\\\",\\\"_locked\\\":[],\\\"sampleRate\\\":44100,\\\"attack\\\":0.027103473098891273,\\\"sustain\\\":0.04092945208729559,\\\"sustainPunch\\\":0,\\\"decay\\\":0.14306516247378953,\\\"tremoloDepth\\\":0,\\\"tremoloFrequency\\\":10,\\\"frequency\\\":448.98180673198215,\\\"frequencySweep\\\":0,\\\"frequencyDeltaSweep\\\":0,\\\"repeatFrequency\\\":0,\\\"frequencyJump1Onset\\\":33,\\\"frequencyJump1Amount\\\":0,\\\"frequencyJump2Onset\\\":66,\\\"frequencyJump2Amount\\\":0,\\\"harmonics\\\":0,\\\"harmonicsFalloff\\\":0.5,\\\"waveform\\\":\\\"sine\\\",\\\"interpolateNoise\\\":true,\\\"vibratoDepth\\\":71.19013003635199,\\\"vibratoFrequency\\\":0.16727691662070487,\\\"squareDuty\\\":40,\\\"squareDutySweep\\\":0,\\\"flangerOffset\\\":0,\\\"flangerOffsetSweep\\\":0,\\\"bitCrush\\\":16,\\\"bitCrushSweep\\\":0,\\\"lowPassCutoff\\\":22050,\\\"lowPassCutoffSweep\\\":0,\\\"highPassCutoff\\\":0,\\\"highPassCutoffSweep\\\":0,\\\"compression\\\":1,\\\"normalization\\\":true,\\\"amplification\\\":100}\",\"name\":\"button_beep\"},\"localFilePath\":\"assets/button_beep.wav\"}",
        "name": "button_beep",
        "preloadAsMusic": false,
        "preloadAsSound": false,
        "preloadInCache": false,
        "userAdded": true
      },
      {
        "file": "assets/base_hurt.wav",
        "kind": "audio",
        "metadata": "{\"extension\":\".wav\",\"jfxr\":{\"data\":\"{\\\"_version\\\":1,\\\"_name\\\":\\\"Hit/hurt 16\\\",\\\"_locked\\\":[],\\\"sampleRate\\\":44100,\\\"attack\\\":0,\\\"sustain\\\":0.08,\\\"sustainPunch\\\":70,\\\"decay\\\":0.08,\\\"tremoloDepth\\\":0,\\\"tremoloFrequency\\\":10,\\\"frequency\\\":256.22942117318246,\\\"frequencySweep\\\":-500,\\\"frequencyDeltaSweep\\\":-400,\\\"repeatFrequency\\\":0,\\\"frequencyJump1Onset\\\":33,\\\"frequencyJump1Amount\\\":0,\\\"frequencyJump2Onset\\\":66,\\\"frequencyJump2Amount\\\":0,\\\"harmonics\\\":0,\\\"harmonicsFalloff\\\":0.5,\\\"waveform\\\":\\\"breaker\\\",\\\"interpolateNoise\\\":true,\\\"vibratoDepth\\\":71.19013003635199,\\\"vibratoFrequency\\\":10,\\\"squareDuty\\\":50,\\\"squareDutySweep\\\":0,\\\"flangerOffset\\\":0,\\\"flangerOffsetSweep\\\":0,\\\"bitCrush\\\":1,\\\"bitCrushSweep\\\":5,\\\"lowPassCutoff\\\":22050,\\\"lowPassCutoffSweep\\\":20000,\\\"highPassCutoff\\\":0,\\\"highPassCutoffSweep\\\":0,\\\"compression\\\":1,\\\"normalization\\\":true,\\\"amplification\\\":100}\",\"name\":\"base_hurt\"}}",
        "name": "base_hurt",
        "preloadAsMusic": false,
        "preloadAsSound": false,
        "preloadInCache": false,
        "userAdded": true
      },
      {
        "alwaysLoaded": false,
        "file": "assets/Flat Bar Red Fill Bar.png",
        "kind": "image",
        "metadata": "",
        "name": "Flat Bar Red Fill Bar.png",
        "smoothed": false,
        "userAdded": false,
        "origin": {
          "identifier": "https://asset-resources.gdevelop.io/public-resources/Resource bars/pixel art/212e9679eaae4753beaa5d595d7c80ea66df3235485c6a3963e88b0d936a1798_Flat Bar Red Fill Bar.png",
          "name": "Flat Bar Red Fill Bar.png"
        }
      },
      {
        "alwaysLoaded": false,
        "file": "assets/Flat Bar White Border.png",
        "kind": "image",
        "metadata": "",
        "name": "Flat Bar White Border.png",
        "smoothed": false,
        "userAdded": false,
        "origin": {
          "identifier": "https://asset-resources.gdevelop.io/public-resources/Resource bars/pixel art/c090d31cafed0c8ef7bb4d5af75a7dbf7149bcc03a7d5d63ae997d59100e362e_Flat Bar White Border.png",
          "name": "Flat Bar White Border.png"
        }
      },
      {
        "alwaysLoaded": false,
        "file": "assets/Upgrade.png",
        "kind": "image",
        "metadata": "{\"extension\":\".png\"}",
        "name": "Upgrade",
        "smoothed": true,
        "userAdded": true
      },
      {
        "alwaysLoaded": false,
        "file": "assets/Upgrade2.png",
        "kind": "image",
        "metadata": "{\"extension\":\".png\"}",
        "name": "Upgrade2",
        "smoothed": true,
        "userAdded": false
      },
      {
        "alwaysLoaded": false,
        "file": "assets/Delete.png",
        "kind": "image",
        "metadata": "{\"extension\":\".png\"}",
        "name": "Delete",
        "smoothed": true,
        "userAdded": false
      }
    ],
    "resourceFolders": []
  },
  "objects": [
    {
      "assetStoreId": "",
      "name": "Cheerleader",
      "tags": "",
      "type": "Sprite",
      "updateIfNotVisible": false,
      "variables": [
        {
          "folded": true,
          "name": "Range",
          "type": "number",
          "value": 150
        },
        {
          "folded": true,
          "name": "Pillar",
          "type": "string",
          "value": "Psychological"
        },
        {
          "folded": true,
          "name": "FireBoost",
          "type": "number",
          "value": 1.2
        },
        {
          "folded": true,
          "name": "Upgraded",
          "type": "boolean",
          "value": false
        }
      ],
      "effects": [
        {
          "effectType": "Outline",
          "name": "Outline",
          "doubleParameters": {
            "padding": 0,
            "thickness": 2
          },
          "stringParameters": {
            "color": "208;2;27"
          },
          "booleanParameters": {}
        }
      ],
      "behaviors": [
        {
          "name": "TowerV2",
          "type": "TDTD::TowerV2"
        }
      ],
      "animations": [
        {
          "name": "sprites\\Towers\\Cheerleader\\Idle\\frame_00001.png",
          "useMultipleDirections": false,
          "directions": [
            {
              "looping": false,
              "metadata": "{\"pskl\":{}}",
              "timeBetweenFrames": 0.08,
              "sprites": [
                {
                  "hasCustomCollisionMask": false,
                  "image": "sprites\\Towers\\Cheerleader\\Idle\\frame_00001.png3",
                  "points": [],
                  "originPoint": {
                    "name": "origine",
                    "x": 0,
                    "y": 0
                  },
                  "centerPoint": {
                    "automatic": true,
                    "name": "centre",
                    "x": 0,
                    "y": 0
                  },
                  "customCollisionMask": []
                }
              ]
            }
          ]
        }
      ]
    },
    {
      "assetStoreId": "",
      "name": "CaringCitizen",
      "tags": "",
      "type": "Sprite",
      "updateIfNotVisible": false,
      "variables": [
        {
          "folded": true,
          "name": "Pillar",
          "type": "string",
          "value": "Psychological"
        },
        {
          "folded": true,
          "name": "Range",
          "type": "number",
          "value": 80
        },
        {
          "folded": true,
          "name": "SecondRate",
          "type": "number",
          "value": 3
        },
        {
          "folded": true,
          "name": "Saved",
          "type": "number",
          "value": 0
        },
        {
          "folded": true,
          "name": "Upgraded",
          "type": "boolean",
          "value": false
        }
      ],
      "effects": [
        {
          "effectType": "Outline",
          "name": "Outline",
          "doubleParameters": {
            "padding": 0,
            "thickness": 2
          },
          "stringParameters": {
            "color": "208;2;27"
          },
          "booleanParameters": {}
        }
      ],
      "behaviors": [
        {
          "name": "TowerV2",
          "type": "TDTD::TowerV2"
        }
      ],
      "animations": [
        {
          "name": "sprites\\Towers\\Caring Citizen\\Idle\\Picture2.png",
          "useMultipleDirections": false,
          "directions": [
            {
              "looping": false,
              "metadata": "{\"pskl\":{}}",
              "timeBetweenFrames": 0.08,
              "sprites": [
                {
                  "hasCustomCollisionMask": false,
                  "image": "sprites\\Towers\\Caring Citizen\\Idle\\Picture2.png",
                  "points": [
                    {
                      "name": "OriginPoint",
                      "x": 32.846484374999996,
                      "y": 57.301171874999994
                    }
                  ],
                  "originPoint": {
                    "name": "origine",
                    "x": 0,
                    "y": 0
                  },
                  "centerPoint": {
                    "automatic": true,
                    "name": "centre",
                    "x": 0,
                    "y": 0
                  },
                  "customCollisionMask": []
                }
              ]
            }
          ]
        }
      ]
    },
    {
      "assetStoreId": "",
      "name": "Volunteer",
      "tags": "",
      "type": "Sprite",
      "updateIfNotVisible": false,
      "variables": [
        {
          "folded": true,
          "name": "Pillar",
          "type": "string",
          "value": "Social"
        },
        {
          "folded": true,
          "name": "Upgraded",
          "type": "boolean",
          "value": false
        }
      ],
      "effects": [
        {
          "effectType": "Outline",
          "name": "Outline",
          "doubleParameters": {
            "padding": 0,
            "thickness": 2
          },
          "stringParameters": {
            "color": "245;166;35"
          },
          "booleanParameters": {}
        }
      ],
      "behaviors": [
        {
          "name": "TowerV2",
          "type": "TDTD::TowerV2"
        }
      ],
      "animations": [
        {
          "name": "sprites\\Towers\\Volunteer\\Idle\\frame_00003.png",
          "useMultipleDirections": false,
          "directions": [
            {
              "looping": false,
              "metadata": "{\"pskl\":{}}",
              "timeBetweenFrames": 0.08,
              "sprites": [
                {
                  "hasCustomCollisionMask": false,
                  "image": "sprites\\Towers\\Volunteer\\Idle\\frame_00003.png2",
                  "points": [],
                  "originPoint": {
                    "name": "origine",
                    "x": 0,
                    "y": 0
                  },
                  "centerPoint": {
                    "automatic": true,
                    "name": "centre",
                    "x": 0,
                    "y": 0
                  },
                  "customCollisionMask": []
                }
              ]
            }
          ]
        }
      ]
    },
    {
      "assetStoreId": "",
      "name": "CommLeader",
      "tags": "",
      "type": "Sprite",
      "updateIfNotVisible": false,
      "variables": [
        {
          "folded": true,
          "name": "Range",
          "type": "number",
          "value": 120
        },
        {
          "folded": true,
          "name": "GroupPillars",
          "type": "string",
          "value": "Social"
        },
        {
          "folded": true,
          "name": "Pillar",
          "type": "string",
          "value": "Social"
        },
        {
          "folded": true,
          "name": "Upgraded",
          "type": "boolean",
          "value": false
        }
      ],
      "effects": [
        {
          "effectType": "Outline",
          "name": "Outline",
          "doubleParameters": {
            "padding": 0,
            "thickness": 2
          },
          "stringParameters": {
            "color": "245;166;35"
          },
          "booleanParameters": {}
        }
      ],
      "behaviors": [
        {
          "name": "TowerV2",
          "type": "TDTD::TowerV2"
        }
      ],
      "animations": [
        {
          "name": "sprites\\Towers\\Community Leader\\Idle\\Picture4.png",
          "useMultipleDirections": false,
          "directions": [
            {
              "looping": false,
              "metadata": "{\"pskl\":{}}",
              "timeBetweenFrames": 0.08,
              "sprites": [
                {
                  "hasCustomCollisionMask": false,
                  "image": "sprites\\Towers\\Community Leader\\Idle\\Picture4.png",
                  "points": [],
                  "originPoint": {
                    "name": "origine",
                    "x": 0,
                    "y": 0
                  },
                  "centerPoint": {
                    "automatic": true,
                    "name": "centre",
                    "x": 0,
                    "y": 0
                  },
                  "customCollisionMask": []
                }
              ]
            }
          ]
        }
      ]
    },
    {
      "assetStoreId": "",
      "name": "CareerGuider",
      "tags": "",
      "type": "Sprite",
      "updateIfNotVisible": false,
      "variables": [
        {
          "folded": true,
          "name": "Pillar",
          "type": "string",
          "value": "Economic"
        },
        {
          "folded": true,
          "name": "Upgraded",
          "type": "boolean",
          "value": false
        }
      ],
      "effects": [
        {
          "effectType": "Outline",
          "name": "Outline",
          "doubleParameters": {
            "padding": 0,
            "thickness": 2
          },
          "stringParameters": {
            "color": "248;231;28"
          },
          "booleanParameters": {}
        }
      ],
      "behaviors": [
        {
          "name": "TowerV2",
          "type": "TDTD::TowerV2"
        }
      ],
      "animations": [
        {
          "name": "Picture5",
          "useMultipleDirections": false,
          "directions": [
            {
              "looping": false,
              "metadata": "{\"pskl\":{}}",
              "timeBetweenFrames": 0.08,
              "sprites": [
                {
                  "hasCustomCollisionMask": false,
                  "image": "Picture5",
                  "points": [],
                  "originPoint": {
                    "name": "origine",
                    "x": 0,
                    "y": 0
                  },
                  "centerPoint": {
                    "automatic": true,
                    "name": "centre",
                    "x": 0,
                    "y": 0
                  },
                  "customCollisionMask": []
                }
              ]
            }
          ]
        }
      ]
    },
    {
      "assetStoreId": "",
      "name": "Investor",
      "tags": "",
      "type": "Sprite",
      "updateIfNotVisible": false,
      "variables": [
        {
          "folded": true,
          "name": "Pillar",
          "type": "string",
          "value": "Economic"
        },
        {
          "folded": true,
          "name": "Range",
          "type": "number",
          "value": 100
        },
        {
          "folded": true,
          "name": "Discount",
          "type": "number",
          "value": 0.5
        },
        {
          "folded": true,
          "name": "Upgraded",
          "type": "boolean",
          "value": false
        }
      ],
      "effects": [
        {
          "effectType": "Outline",
          "name": "Outline",
          "doubleParameters": {
            "padding": 0,
            "thickness": 2
          },
          "stringParameters": {
            "color": "248;231;28"
          },
          "booleanParameters": {}
        }
      ],
      "behaviors": [
        {
          "name": "TowerV2",
          "type": "TDTD::TowerV2"
        }
      ],
      "animations": [
        {
          "name": "sprites\\Towers\\Investor\\Idle\\Picture6.png",
          "useMultipleDirections": false,
          "directions": [
            {
              "looping": false,
              "metadata": "{\"pskl\":{}}",
              "timeBetweenFrames": 0.08,
              "sprites": [
                {
                  "hasCustomCollisionMask": false,
                  "image": "sprites\\Towers\\Investor\\Idle\\Picture6.png3",
                  "points": [],
                  "originPoint": {
                    "name": "origine",
                    "x": 0,
                    "y": 0
                  },
                  "centerPoint": {
                    "automatic": true,
                    "name": "centre",
                    "x": 0,
                    "y": 0
                  },
                  "customCollisionMask": []
                }
              ]
            }
          ]
        }
      ]
    },
    {
      "assetStoreId": "",
      "name": "Soldier",
      "tags": "",
      "type": "Sprite",
      "updateIfNotVisible": false,
      "variables": [
        {
          "folded": true,
          "name": "Range",
          "type": "number",
          "value": 175
        },
        {
          "folded": true,
          "name": "FireRate",
          "type": "number",
          "value": 1
        },
        {
          "folded": true,
          "name": "Rotate",
          "type": "boolean",
          "value": true
        },
        {
          "folded": true,
          "name": "Pillar",
          "type": "string",
          "value": "Military"
        },
        {
          "folded": true,
          "name": "Upgraded",
          "type": "boolean",
          "value": false
        }
      ],
      "effects": [
        {
          "effectType": "Outline",
          "name": "Outline",
          "doubleParameters": {
            "padding": 0,
            "thickness": 2
          },
          "stringParameters": {
            "color": "41;211;33"
          },
          "booleanParameters": {}
        }
      ],
      "behaviors": [
        {
          "name": "TowerV2",
          "type": "TDTD::TowerV2"
        }
      ],
      "animations": [
        {
          "name": "Soldier",
          "useMultipleDirections": false,
          "directions": [
            {
              "looping": false,
              "metadata": "{\"pskl\":{}}",
              "timeBetweenFrames": 0.07999999821186066,
              "sprites": [
                {
                  "hasCustomCollisionMask": false,
                  "image": "Soldier",
                  "points": [
                    {
                      "name": "OriginPoint",
                      "x": 101.47148437499999,
                      "y": 39.301171875
                    }
                  ],
                  "originPoint": {
                    "name": "origine",
                    "x": 0,
                    "y": 0
                  },
                  "centerPoint": {
                    "automatic": true,
                    "name": "centre",
                    "x": 0,
                    "y": 0
                  },
                  "customCollisionMask": []
                }
              ]
            }
          ]
        },
        {
          "name": "Untitled-2.png",
          "useMultipleDirections": false,
          "directions": [
            {
              "looping": false,
              "metadata": "{\"pskl\":{}}",
              "timeBetweenFrames": 0.08,
              "sprites": [
                {
                  "hasCustomCollisionMask": false,
                  "image": "assets\\Untitled2.png",
                  "points": [
                    {
                      "name": "OriginPoint",
                      "x": 19.121484374999998,
                      "y": 38.626171875
                    }
                  ],
                  "originPoint": {
                    "name": "origine",
                    "x": 0,
                    "y": 0
                  },
                  "centerPoint": {
                    "automatic": true,
                    "name": "centre",
                    "x": 0,
                    "y": 0
                  },
                  "customCollisionMask": []
                }
              ]
            }
          ]
        }
      ]
    },
    {
      "assetStoreId": "",
      "name": "IntelligenceOfficer",
      "tags": "",
      "type": "Sprite",
      "updateIfNotVisible": false,
      "variables": [
        {
          "folded": true,
          "name": "Pillar",
          "type": "string",
          "value": "Military"
        },
        {
          "folded": true,
          "name": "FireRate",
          "type": "number",
          "value": 3
        },
        {
          "folded": true,
          "name": "Damage",
          "type": "number",
          "value": 100
        },
        {
          "folded": true,
          "name": "Upgraded",
          "type": "boolean",
          "value": false
        }
      ],
      "effects": [
        {
          "effectType": "Outline",
          "name": "Outline",
          "doubleParameters": {
            "padding": 0,
            "thickness": 2
          },
          "stringParameters": {
            "color": "41;211;33"
          },
          "booleanParameters": {}
        }
      ],
      "behaviors": [
        {
          "name": "TowerV2",
          "type": "TDTD::TowerV2"
        }
      ],
      "animations": [
        {
          "name": "sprites\\Towers\\Intelligence Officer\\Idle\\Picture1.png",
          "useMultipleDirections": false,
          "directions": [
            {
              "looping": false,
              "metadata": "{\"pskl\":{}}",
              "timeBetweenFrames": 0.08,
              "sprites": [
                {
                  "hasCustomCollisionMask": false,
                  "image": "sprites\\Towers\\Intelligence Officer\\Idle\\Picture1.png",
                  "points": [],
                  "originPoint": {
                    "name": "origine",
                    "x": 0,
                    "y": 0
                  },
                  "centerPoint": {
                    "automatic": true,
                    "name": "centre",
                    "x": 0,
                    "y": 0
                  },
                  "customCollisionMask": []
                }
              ]
            }
          ]
        }
      ]
    },
    {
      "assetStoreId": "",
      "name": "Firefighter",
      "tags": "",
      "type": "Sprite",
      "updateIfNotVisible": false,
      "variables": [
        {
          "folded": true,
          "name": "FireRate",
          "type": "number",
          "value": 10
        },
        {
          "folded": true,
          "name": "Rotate",
          "type": "boolean",
          "value": false
        },
        {
          "folded": true,
          "name": "Pillar",
          "type": "string",
          "value": "Civil"
        },
        {
          "folded": true,
          "name": "Upgraded",
          "type": "boolean",
          "value": false
        }
      ],
      "effects": [
        {
          "effectType": "Outline",
          "name": "Outline",
          "doubleParameters": {
            "padding": 0,
            "thickness": 2
          },
          "stringParameters": {
            "color": "74;144;226"
          },
          "booleanParameters": {}
        }
      ],
      "behaviors": [
        {
          "name": "TowerV2",
          "type": "TDTD::TowerV2"
        }
      ],
      "animations": [
        {
          "name": "sprites\\Towers\\Firefighter\\Idle\\Firefighter.png",
          "useMultipleDirections": false,
          "directions": [
            {
              "looping": false,
              "metadata": "{\"pskl\":{}}",
              "timeBetweenFrames": 0.08,
              "sprites": [
                {
                  "hasCustomCollisionMask": false,
                  "image": "sprites\\Towers\\Firefighter\\Idle\\Firefighter.png",
                  "points": [],
                  "originPoint": {
                    "name": "origine",
                    "x": 0,
                    "y": 0
                  },
                  "centerPoint": {
                    "automatic": true,
                    "name": "centre",
                    "x": 0,
                    "y": 0
                  },
                  "customCollisionMask": []
                }
              ]
            }
          ]
        }
      ]
    },
    {
      "assetStoreId": "",
      "name": "Doctor",
      "tags": "",
      "type": "Sprite",
      "updateIfNotVisible": false,
      "variables": [
        {
          "folded": true,
          "name": "Range",
          "type": "number",
          "value": 80
        },
        {
          "folded": true,
          "name": "Pillar",
          "type": "string",
          "value": "Civil"
        },
        {
          "folded": true,
          "name": "Lives",
          "type": "number",
          "value": 3
        },
        {
          "folded": true,
          "name": "SecondRate",
          "type": "number",
          "value": 5
        },
        {
          "folded": true,
          "name": "Upgraded",
          "type": "boolean",
          "value": false
        }
      ],
      "effects": [
        {
          "effectType": "Outline",
          "name": "Outline",
          "doubleParameters": {
            "padding": 0,
            "thickness": 2
          },
          "stringParameters": {
            "color": "74;144;226"
          },
          "booleanParameters": {}
        }
      ],
      "behaviors": [
        {
          "name": "TowerV2",
          "type": "TDTD::TowerV2"
        }
      ],
      "animations": [
        {
          "name": "sprites\\Towers\\Doctor\\Idle\\Picture7.png",
          "useMultipleDirections": false,
          "directions": [
            {
              "looping": false,
              "metadata": "{\"pskl\":{}}",
              "timeBetweenFrames": 0.08,
              "sprites": [
                {
                  "hasCustomCollisionMask": false,
                  "image": "sprites\\Towers\\Doctor\\Idle\\Picture7.png",
                  "points": [
                    {
                      "name": "OriginPoint",
                      "x": 48.146484375,
                      "y": 94.201171875
                    }
                  ],
                  "originPoint": {
                    "name": "origine",
                    "x": 0,
                    "y": 0
                  },
                  "centerPoint": {
                    "automatic": true,
                    "name": "centre",
                    "x": 0,
                    "y": 0
                  },
                  "customCollisionMask": []
                }
              ]
            }
          ]
        }
      ]
    },
    {
      "assetStoreId": "",
      "name": "WhiteHat",
      "tags": "",
      "type": "Sprite",
      "updateIfNotVisible": false,
      "variables": [
        {
          "folded": true,
          "name": "Range",
          "type": "number",
          "value": 250
        },
        {
          "folded": true,
          "name": "FireRate",
          "type": "number",
          "value": 5
        },
        {
          "folded": true,
          "name": "Rotate",
          "type": "boolean",
          "value": false
        },
        {
          "folded": true,
          "name": "Pillar",
          "type": "string",
          "value": "Digital"
        },
        {
          "folded": true,
          "name": "Upgraded",
          "type": "boolean",
          "value": false
        }
      ],
      "effects": [
        {
          "effectType": "Outline",
          "name": "Outline",
          "doubleParameters": {
            "padding": 0,
            "thickness": 2
          },
          "stringParameters": {
            "color": "155;155;155"
          },
          "booleanParameters": {}
        }
      ],
      "behaviors": [
        {
          "name": "TowerV2",
          "type": "TDTD::TowerV2"
        }
      ],
      "animations": [
        {
          "name": "WhiteHat",
          "useMultipleDirections": false,
          "directions": [
            {
              "looping": false,
              "metadata": "{\"pskl\":{}}",
              "timeBetweenFrames": 0.07999999821186066,
              "sprites": [
                {
                  "hasCustomCollisionMask": false,
                  "image": "WhiteHat",
                  "points": [],
                  "originPoint": {
                    "name": "origine",
                    "x": 0,
                    "y": 0
                  },
                  "centerPoint": {
                    "automatic": true,
                    "name": "centre",
                    "x": 0,
                    "y": 0
                  },
                  "customCollisionMask": []
                }
              ]
            }
          ]
        }
      ]
    },
    {
      "assetStoreId": "",
      "name": "DiscerningCitizen",
      "tags": "",
      "type": "Sprite",
      "updateIfNotVisible": false,
      "variables": [
        {
          "folded": true,
          "name": "Pillar",
          "type": "string",
          "value": " Digital"
        },
        {
          "folded": true,
          "name": "Range",
          "type": "number",
          "value": 150
        },
        {
          "folded": true,
          "name": "Boost",
          "type": "number",
          "value": 2
        },
        {
          "folded": true,
          "name": "Upgraded",
          "type": "boolean",
          "value": false
        }
      ],
      "effects": [
        {
          "effectType": "Outline",
          "name": "Outline",
          "doubleParameters": {
            "padding": 0,
            "thickness": 2
          },
          "stringParameters": {
            "color": "155;155;155"
          },
          "booleanParameters": {}
        }
      ],
      "behaviors": [
        {
          "name": "TowerV2",
          "type": "TDTD::TowerV2"
        }
      ],
      "animations": [
        {
          "name": "sprites\\Towers\\Discerning Citizen\\Idle\\Picture8.png",
          "useMultipleDirections": false,
          "directions": [
            {
              "looping": false,
              "metadata": "{\"pskl\":{}}",
              "timeBetweenFrames": 0.08,
              "sprites": [
                {
                  "hasCustomCollisionMask": false,
                  "image": "sprites\\Towers\\Discerning Citizen\\Idle\\Picture8.png",
                  "points": [],
                  "originPoint": {
                    "name": "origine",
                    "x": 0,
                    "y": 0
                  },
                  "centerPoint": {
                    "automatic": true,
                    "name": "centre",
                    "x": 0,
                    "y": 0
                  },
                  "customCollisionMask": []
                }
              ]
            }
          ]
        }
      ]
    },
    {
      "assetStoreId": "",
      "name": "GoldIcon",
      "tags": "",
      "type": "Sprite",
      "updateIfNotVisible": false,
      "variables": [],
      "effects": [],
      "behaviors": [],
      "animations": [
        {
          "name": "GoldIcon",
          "useMultipleDirections": false,
          "directions": [
            {
              "looping": false,
              "metadata": "{\"pskl\":{}}",
              "timeBetweenFrames": 0.07999999821186066,
              "sprites": [
                {
                  "hasCustomCollisionMask": false,
                  "image": "GoldIcon",
                  "points": [],
                  "originPoint": {
                    "name": "origine",
                    "x": 0,
                    "y": 0
                  },
                  "centerPoint": {
                    "automatic": true,
                    "name": "centre",
                    "x": 0,
                    "y": 0
                  },
                  "customCollisionMask": []
                }
              ]
            }
          ]
        }
      ]
    },
    {
      "assetStoreId": "",
      "name": "GoldAmount",
      "tags": "",
      "type": "BitmapText::BitmapTextObject",
      "variables": [],
      "effects": [],
      "behaviors": [],
      "content": {
        "text": "10000",
        "opacity": 255,
        "scale": 1,
        "fontSize": 20,
        "tint": "255;255;255",
        "bitmapFontResourceName": "assets\\fonts\\AlbaSlab\\36px\\Alba Slab 36px.fnt",
        "textureAtlasResourceName": "assets\\fonts\\AlbaSlab\\36px\\Alba Slab 36px.png",
        "align": "left",
        "wordWrap": true
      }
    },
    {
      "assetStoreId": "",
      "name": "CommunitySupportIcon",
      "tags": "",
      "type": "Sprite",
      "updateIfNotVisible": false,
      "variables": [],
      "effects": [],
      "behaviors": [],
      "animations": [
        {
          "name": "sprites\\UI\\CommSupport.png",
          "useMultipleDirections": false,
          "directions": [
            {
              "looping": false,
              "metadata": "{\"pskl\":{}}",
              "timeBetweenFrames": 0.08,
              "sprites": [
                {
                  "hasCustomCollisionMask": false,
                  "image": "sprites\\UI\\CommSupport.png3",
                  "points": [],
                  "originPoint": {
                    "name": "origine",
                    "x": 0,
                    "y": 0
                  },
                  "centerPoint": {
                    "automatic": true,
                    "name": "centre",
                    "x": 0,
                    "y": 0
                  },
                  "customCollisionMask": []
                }
              ]
            }
          ]
        }
      ]
    },
    {
      "assetStoreId": "",
      "name": "CommSupportAmt",
      "tags": "",
      "type": "BitmapText::BitmapTextObject",
      "variables": [],
      "effects": [],
      "behaviors": [],
      "content": {
        "text": "99",
        "opacity": 255,
        "scale": 1,
        "fontSize": 20,
        "tint": "255;255;255",
        "bitmapFontResourceName": "assets\\fonts\\AlbaSlab\\36px\\Alba Slab 36px.fnt",
        "textureAtlasResourceName": "assets\\fonts\\AlbaSlab\\36px\\Alba Slab 36px.png",
        "align": "left",
        "wordWrap": true
      }
    }
  ],
  "objectsGroups": [],
  "variables": [
    {
      "folded": true,
      "name": "PlacedPillars",
      "type": "number",
      "value": 1
    }
  ],
  "layouts": [
    {
      "__REFERENCE_TO_SPLIT_OBJECT": true,
      "referenceTo": "/layouts/gamescene"
    },
    {
      "__REFERENCE_TO_SPLIT_OBJECT": true,
      "referenceTo": "/layouts/mainmenu"
    },
    {
      "__REFERENCE_TO_SPLIT_OBJECT": true,
      "referenceTo": "/layouts/deathscreen"
    },
    {
      "__REFERENCE_TO_SPLIT_OBJECT": true,
      "referenceTo": "/layouts/winscreen"
    }
  ],
  "externalEvents": [],
  "eventsFunctionsExtensions": [
    {
      "__REFERENCE_TO_SPLIT_OBJECT": true,
      "referenceTo": "/eventsFunctionsExtensions/panelspritecontinuousbar"
    },
    {
      "__REFERENCE_TO_SPLIT_OBJECT": true,
      "referenceTo": "/eventsFunctionsExtensions/shakeobject"
    },
    {
      "__REFERENCE_TO_SPLIT_OBJECT": true,
      "referenceTo": "/eventsFunctionsExtensions/panelspritebutton"
    },
    {
      "__REFERENCE_TO_SPLIT_OBJECT": true,
      "referenceTo": "/eventsFunctionsExtensions/panelspriteslider"
    },
    {
      "__REFERENCE_TO_SPLIT_OBJECT": true,
      "referenceTo": "/eventsFunctionsExtensions/spritetoggleswitch"
    },
    {
      "__REFERENCE_TO_SPLIT_OBJECT": true,
      "referenceTo": "/eventsFunctionsExtensions/tdtd"
    },
    {
      "__REFERENCE_TO_SPLIT_OBJECT": true,
      "referenceTo": "/eventsFunctionsExtensions/backbutton"
    }
  ],
  "externalLayouts": [],
  "externalSourceFiles": []
}