[
    [{"action": "delay", "duration": 15}],
    [{"action": "spawn", "type": "enemy", "name": "Terrorist", "qty": 1}],
    [{"action": "spawn", "type": "enemy", "name": "Terrorist", "qty": 1}],
    [{"action": "spawn", "type": "enemy", "name": "Terrorist", "qty": 2}],
    [{"action": "spawn", "type": "enemy", "name": "Terrorist", "qty": 2}],
    [{"action": "spawn", "type": "enemy", "name": "Terrorist", "qty": 1}, {"action": "spawn", "type": "enemy", "name": "InternetTroll", "qty": 1}],
    [{"action": "spawn", "type": "enemy", "name": "Terrorist", "qty": 3}],
    [{"action": "spawn", "type": "enemy", "name": "Terrorist", "qty": 2}, {"action": "spawn", "type": "enemy", "name": "InternetTroll", "qty": 1}],
    [{"action": "spawn", "type": "enemy", "name": "Terrorist", "qty": 2}, {"action": "spawn", "type": "enemy", "name": "InternetTroll", "qty": 2}],
    [{"action": "spawn", "type": "enemy", "name": "Terrorist", "qty": 3}, {"action": "spawn", "type": "enemy", "name": "InternetTroll", "qty": 2}],
    [{"action": "spawn", "type": "enemy", "name": "Terrorist", "qty": 2}, {"action": "spawn", "type": "enemy", "name": "InternetTroll", "qty": 1}, {"action": "spawn", "type": "enemy", "name": "SelfRad", "qty": 1}],
    [{"action": "spawn", "type": "enemy", "name": "Terrorist", "qty": 3}, {"action": "spawn", "type": "enemy", "name": "SelfRad", "qty": 1}],
    [{"action": "spawn", "type": "enemy", "name": "Terrorist", "qty": 3}, {"action": "spawn", "type": "enemy", "name": "InternetTroll", "qty": 1}, {"action": "spawn", "type": "enemy", "name": "SelfRad", "qty": 1}],
    [{"action": "spawn", "type": "enemy", "name": "Terrorist", "qty": 5}, {"action": "spawn", "type": "enemy", "name": "InternetTroll", "qty": 3}],
    [{"action": "spawn", "type": "enemy", "name": "Terrorist", "qty": 4}, {"action": "spawn", "type": "enemy", "name": "InternetTroll", "qty": 1}, {"action": "spawn", "type": "enemy", "name": "SelfRad", "qty": 2}],
    [{"action": "spawn", "type": "enemy", "name": "Terrorist", "qty": 3}, {"action": "spawn", "type": "enemy", "name": "InternetTroll", "qty": 3}, {"action": "spawn", "type": "enemy", "name": "SelfRad", "qty": 3}],
    [{"action": "spawn", "type": "enemy", "name": "Terrorist", "qty": 3}, {"action": "spawn", "type": "enemy", "name": "InternetTroll", "qty": 4}],
    [{"action": "spawn", "type": "enemy", "name": "Terrorist", "qty": 3}, {"action": "spawn", "type": "enemy", "name": "InternetTroll", "qty": 4}, {"action": "spawn", "type": "enemy", "name": "SelfRad", "qty": 2}],
    [{"action": "spawn", "type": "enemy", "name": "Terrorist", "qty": 4}, {"action": "spawn", "type": "enemy", "name": "InternetTroll", "qty": 4}, {"action": "spawn", "type": "enemy", "name": "SelfRad", "qty": 3}],
    [{"action": "spawn", "type": "enemy", "name": "Terrorist", "qty": 4}, {"action": "spawn", "type": "enemy", "name": "InternetTroll", "qty": 4}, {"action": "spawn", "type": "enemy", "name": "SelfRad", "qty": 4}],
    [{"action": "spawn", "type": "boss", "hp": 1000, "qty": 1}],
    [{"action": "spawn", "type": "enemy", "name": "Terrorist", "qty": 5}, {"action": "spawn", "type": "enemy", "name": "InternetTroll", "qty": 5}, {"action": "spawn", "type": "enemy", "name": "SelfRad", "qty": 2}],
    [{"action": "spawn", "type": "enemy", "name": "Terrorist", "qty": 6}, {"action": "spawn", "type": "enemy", "name": "InternetTroll", "qty": 3}, {"action": "spawn", "type": "enemy", "name": "SelfRad", "qty": 4}],
    [{"action": "spawn", "type": "enemy", "name": "Terrorist", "qty": 7}, {"action": "spawn", "type": "enemy", "name": "InternetTroll", "qty": 5}, {"action": "spawn", "type": "enemy", "name": "SelfRad", "qty": 5}],
    [{"action": "spawn", "type": "enemy", "name": "Terrorist", "qty": 5}, {"action": "spawn", "type": "enemy", "name": "InternetTroll", "qty": 3}, {"action": "spawn", "type": "enemy", "name": "SelfRad", "qty": 3}],
    [{"action": "spawn", "type": "enemy", "name": "Terrorist", "qty": 5}, {"action": "spawn", "type": "enemy", "name": "InternetTroll", "qty": 5}, {"action": "spawn", "type": "enemy", "name": "SelfRad", "qty": 5}, {"action": "spawn", "type": "boss", "hp": 1000, "qty": 2}],
    [{"action": "spawn", "type": "enemy", "name": "Terrorist", "qty": 10}, {"action": "spawn", "type": "enemy", "name": "InternetTroll", "qty": 8}, {"action": "spawn", "type": "enemy", "name": "SelfRad", "qty": 5}],
    [{"action": "spawn", "type": "enemy", "name": "Terrorist", "qty": 10}, {"action": "spawn", "type": "enemy", "name": "InternetTroll", "qty": 8}, {"action": "spawn", "type": "enemy", "name": "SelfRad", "qty": 6}],
    [{"action": "spawn", "type": "enemy", "name": "Terrorist", "qty": 10}, {"action": "spawn", "type": "enemy", "name": "InternetTroll", "qty": 8}, {"action": "spawn", "type": "enemy", "name": "SelfRad", "qty": 7}],
    [{"action": "spawn", "type": "enemy", "name": "Terrorist", "qty": 10}, {"action": "spawn", "type": "enemy", "name": "InternetTroll", "qty": 8}, {"action": "spawn", "type": "enemy", "name": "SelfRad", "qty": 8}],
    [{"action": "spawn", "type": "enemy", "name": "Terrorist", "qty": 10}, {"action": "spawn", "type": "enemy", "name": "InternetTroll", "qty": 10}, {"action": "spawn", "type": "enemy", "name": "SelfRad", "qty": 10}, {"action": "spawn", "type": "boss", "hp": 1000, "qty": 2}, {"action": "spawn", "type": "boss", "hp": 3000, "qty": 1}],
    [{"action": "spawn", "type": "enemy", "name": "Terrorist", "qty": 11}, {"action": "spawn", "type": "enemy", "name": "InternetTroll", "qty": 10}, {"action": "spawn", "type": "enemy", "name": "SelfRad", "qty": 10}, {"action": "spawn", "type": "boss", "hp": 1000, "qty": 1}],
    [{"action": "spawn", "type": "enemy", "name": "Terrorist", "qty": 12}, {"action": "spawn", "type": "enemy", "name": "InternetTroll", "qty": 10}, {"action": "spawn", "type": "enemy", "name": "SelfRad", "qty": 10}, {"action": "spawn", "type": "boss", "hp": 1000, "qty": 1}],
    [{"action": "spawn", "type": "enemy", "name": "Terrorist", "qty": 13}, {"action": "spawn", "type": "enemy", "name": "InternetTroll", "qty": 10}, {"action": "spawn", "type": "enemy", "name": "SelfRad", "qty": 10}, {"action": "spawn", "type": "boss", "hp": 3000, "qty": 1}],
    [{"action": "spawn", "type": "enemy", "name": "Terrorist", "qty": 14}, {"action": "spawn", "type": "enemy", "name": "InternetTroll", "qty": 10}, {"action": "spawn", "type": "enemy", "name": "SelfRad", "qty": 10}, {"action": "spawn", "type": "boss", "hp": 1000, "qty": 2}],
    [{"action": "spawn", "type": "enemy", "name": "Terrorist", "qty": 15}, {"action": "spawn", "type": "enemy", "name": "InternetTroll", "qty": 15}, {"action": "spawn", "type": "enemy", "name": "SelfRad", "qty": 15}, {"action": "spawn", "type": "boss", "hp": 1000, "qty": 2}],
    [{"action": "spawn", "type": "enemy", "name": "Terrorist", "qty": 16}, {"action": "spawn", "type": "enemy", "name": "InternetTroll", "qty": 15}, {"action": "spawn", "type": "enemy", "name": "SelfRad", "qty": 15}, {"action": "spawn", "type": "boss", "hp": 3000, "qty": 2}],
    [{"action": "spawn", "type": "enemy", "name": "Terrorist", "qty": 17}, {"action": "spawn", "type": "enemy", "name": "InternetTroll", "qty": 15}, {"action": "spawn", "type": "enemy", "name": "SelfRad", "qty": 15}, {"action": "spawn", "type": "boss", "hp": 1000, "qty": 3}],
    [{"action": "spawn", "type": "enemy", "name": "Terrorist", "qty": 18}, {"action": "spawn", "type": "enemy", "name": "InternetTroll", "qty": 15}, {"action": "spawn", "type": "enemy", "name": "SelfRad", "qty": 15}, {"action": "spawn", "type": "boss", "hp": 1000, "qty": 3}],
    [{"action": "spawn", "type": "enemy", "name": "Terrorist", "qty": 19}, {"action": "spawn", "type": "enemy", "name": "InternetTroll", "qty": 15}, {"action": "spawn", "type": "enemy", "name": "SelfRad", "qty": 15}, {"action": "spawn", "type": "boss", "hp": 3000, "qty": 3}],
    [{"action": "spawn", "type": "enemy", "name": "Terrorist", "qty": 20}, {"action": "spawn", "type": "enemy", "name": "InternetTroll", "qty": 20}, {"action": "spawn", "type": "enemy", "name": "SelfRad", "qty": 20}, {"action": "spawn", "type": "boss", "hp": 10000, "qty": 1}]
]
