[
    [{"action": "delay", "duration": 2}],
    [{"action": "spawn", "type": "enemy", "name": "Terrorist", "qty": 1}],
    [{"action": "spawn", "type": "enemy", "name": "Terrorist", "qty": 1}],
    [{"action": "spawn", "type": "enemy", "name": "Terrorist", "qty": 2}],
    [{"action": "spawn", "type": "enemy", "name": "Terrorist", "qty": 2}, {"action": "spawn", "type": "enemy", "name": "InternetTroll", "qty": 1}],
    [{"action": "spawn", "type": "enemy", "name": "Terrorist", "qty": 3}],
    [{"action": "spawn", "type": "enemy", "name": "InternetTroll", "qty": 3}],
    [{"action": "spawn", "type": "enemy", "name": "Terrorist", "qty": 3}, {"action": "spawn", "type": "enemy", "name": "InternetTroll", "qty": 2}],
    [{"action": "spawn", "type": "enemy", "name": "Terrorist", "qty": 2}, {"action": "spawn", "type": "enemy", "name": "InternetTroll", "qty": 5}],
    [{"action": "spawn", "type": "enemy", "name": "Terrorist", "qty": 4}, {"action": "spawn", "type": "enemy", "name": "InternetTroll", "qty": 5}],
    [{"action": "spawn", "type": "enemy", "name": "Terrorist", "qty": 8}, {"action": "spawn", "type": "enemy", "name": "InternetTroll", "qty": 10}]
]