{
  "b": 209,
  "disableInputWhenNotFocused": true,
  "mangledName": "DeathScreen",
  "name": "DeathScreen",
  "r": 209,
  "standardSortMethod": true,
  "stopSoundsOnStartup": true,
  "title": "",
  "v": 209,
  "uiSettings": {
    "grid": false,
    "gridType": "rectangular",
    "gridWidth": 32,
    "gridHeight": 32,
    "gridOffsetX": 0,
    "gridOffsetY": 0,
    "gridColor": 10401023,
    "gridAlpha": 0.8,
    "snap": false,
    "zoomFactor": 0.3055399671793725,
    "windowMask": false
  },
  "objectsGroups": [],
  "variables": [],
  "instances": [
    {
      "angle": 0,
      "customSize": true,
      "height": 1086,
      "layer": "",
      "name": "Background",
      "persistentUuid": "5be99f8a-1b91-4954-82ab-43cc007aa975",
      "width": 1655,
      "x": -20,
      "y": -3,
      "zOrder": 1,
      "numberProperties": [],
      "stringProperties": [],
      "initialVariables": []
    },
    {
      "angle": 0,
      "customSize": true,
      "height": 335,
      "layer": "",
      "name": "Skull",
      "persistentUuid": "de8d555a-d757-40c7-9ef6-7c457af8098b",
      "width": 339,
      "x": 620,
      "y": 15,
      "zOrder": 2,
      "numberProperties": [],
      "stringProperties": [],
      "initialVariables": []
    },
    {
      "angle": 0,
      "customSize": false,
      "height": 0,
      "layer": "",
      "name": "DeathText",
      "persistentUuid": "6a103b5e-9575-446a-b03d-2835d5458f41",
      "width": 0,
      "x": 61,
      "y": 411,
      "zOrder": 3,
      "numberProperties": [],
      "stringProperties": [],
      "initialVariables": []
    },
    {
      "angle": 0,
      "customSize": false,
      "height": 0,
      "layer": "",
      "name": "DeathText2",
      "persistentUuid": "d28c7b34-1775-4a1e-a78c-fb635b276e1a",
      "width": 0,
      "x": 530,
      "y": 538,
      "zOrder": 4,
      "numberProperties": [],
      "stringProperties": [],
      "initialVariables": []
    },
    {
      "angle": 0,
      "customSize": false,
      "height": 0,
      "layer": "",
      "name": "WavesSurvived",
      "persistentUuid": "da08dda8-a756-4463-86d0-2bce9fbb79d3",
      "width": 0,
      "x": 1006,
      "y": 541,
      "zOrder": 5,
      "numberProperties": [],
      "stringProperties": [],
      "initialVariables": []
    },
    {
      "angle": 0,
      "customSize": true,
      "height": 249,
      "layer": "",
      "name": "PlayAgain",
      "persistentUuid": "642c75c1-7a51-48ef-9e28-aacb6f43dbce",
      "width": 248,
      "x": 659,
      "y": 670,
      "zOrder": 6,
      "numberProperties": [],
      "stringProperties": [],
      "initialVariables": []
    },
    {
      "angle": 0,
      "customSize": false,
      "height": 0,
      "layer": "",
      "name": "PlayAgainText",
      "persistentUuid": "05ffc45b-9160-4742-9c38-76b81f3dd097",
      "width": 0,
      "x": 647,
      "y": 915,
      "zOrder": 7,
      "numberProperties": [],
      "stringProperties": [],
      "initialVariables": []
    }
  ],
  "objects": [
    {
      "assetStoreId": "",
      "height": 32,
      "name": "Background",
      "tags": "",
      "texture": "New image3",
      "type": "TiledSpriteObject::TiledSprite",
      "width": 32,
      "variables": [],
      "effects": [],
      "behaviors": []
    },
    {
      "assetStoreId": "",
      "name": "Skull",
      "tags": "",
      "type": "Sprite",
      "updateIfNotVisible": false,
      "variables": [],
      "effects": [
        {
          "effectType": "Glitch",
          "name": "Effect",
          "doubleParameters": {
            "animationFrequency": 60,
            "blueX": 10,
            "blueY": -4,
            "direction": 0,
            "fillMode": 0,
            "greenX": 10,
            "greenY": -4,
            "minSize": 8,
            "offset": 100,
            "redX": 2,
            "redY": 2,
            "sampleSize": 512,
            "slices": 5
          },
          "stringParameters": {},
          "booleanParameters": {
            "average": true
          }
        }
      ],
      "behaviors": [
        {
          "name": "Tween",
          "type": "Tween::TweenBehavior"
        }
      ],
      "animations": [
        {
          "name": "download.png",
          "useMultipleDirections": false,
          "directions": [
            {
              "looping": false,
              "metadata": "{\"pskl\":{}}",
              "timeBetweenFrames": 0.08,
              "sprites": [
                {
                  "hasCustomCollisionMask": false,
                  "image": "download.png",
                  "points": [],
                  "originPoint": {
                    "name": "origine",
                    "x": 0,
                    "y": 0
                  },
                  "centerPoint": {
                    "automatic": true,
                    "name": "centre",
                    "x": 0,
                    "y": 0
                  },
                  "customCollisionMask": []
                }
              ]
            }
          ]
        }
      ]
    },
    {
      "assetStoreId": "",
      "bold": true,
      "italic": false,
      "name": "DeathText",
      "smoothed": true,
      "tags": "",
      "type": "TextObject::Text",
      "underlined": false,
      "variables": [],
      "effects": [],
      "behaviors": [
        {
          "name": "Tween",
          "type": "Tween::TweenBehavior"
        }
      ],
      "string": "The enemies broke through your defences and destroyed the country!",
      "font": "assets\\AlfaSlabOne-Regular.ttf",
      "textAlignment": "left",
      "characterSize": 40,
      "color": {
        "b": 255,
        "g": 255,
        "r": 255
      }
    },
    {
      "assetStoreId": "",
      "bold": false,
      "italic": false,
      "name": "DeathText2",
      "smoothed": true,
      "tags": "",
      "type": "TextObject::Text",
      "underlined": false,
      "variables": [],
      "effects": [],
      "behaviors": [
        {
          "name": "Tween",
          "type": "Tween::TweenBehavior"
        }
      ],
      "string": "Waves survived:",
      "font": "assets\\AlfaSlabOne-Regular.ttf",
      "textAlignment": "left",
      "characterSize": 50,
      "color": {
        "b": 255,
        "g": 255,
        "r": 255
      }
    },
    {
      "assetStoreId": "",
      "bold": false,
      "italic": false,
      "name": "WavesSurvived",
      "smoothed": true,
      "tags": "",
      "type": "TextObject::Text",
      "underlined": false,
      "variables": [],
      "effects": [],
      "behaviors": [
        {
          "name": "Tween",
          "type": "Tween::TweenBehavior"
        }
      ],
      "string": "0",
      "font": "assets\\AlfaSlabOne-Regular.ttf",
      "textAlignment": "left",
      "characterSize": 50,
      "color": {
        "b": 1,
        "g": 255,
        "r": 22
      }
    },
    {
      "assetStoreId": "",
      "name": "PlayAgain",
      "tags": "",
      "type": "Sprite",
      "updateIfNotVisible": false,
      "variables": [],
      "effects": [],
      "behaviors": [
        {
          "name": "Button",
          "type": "TDTD::Button",
          "Property": "Tween",
          "SmallScale": 1,
          "NormalScale": 1.5
        },
        {
          "name": "Tween",
          "type": "Tween::TweenBehavior"
        }
      ],
      "animations": [
        {
          "name": "",
          "useMultipleDirections": false,
          "directions": [
            {
              "looping": false,
              "timeBetweenFrames": 0.08,
              "sprites": [
                {
                  "hasCustomCollisionMask": false,
                  "image": "assets\\Play.png",
                  "points": [],
                  "originPoint": {
                    "name": "origine",
                    "x": 0,
                    "y": 0
                  },
                  "centerPoint": {
                    "automatic": true,
                    "name": "centre",
                    "x": 0,
                    "y": 0
                  },
                  "customCollisionMask": []
                }
              ]
            }
          ]
        }
      ]
    },
    {
      "assetStoreId": "",
      "bold": false,
      "italic": false,
      "name": "PlayAgainText",
      "smoothed": true,
      "tags": "",
      "type": "TextObject::Text",
      "underlined": false,
      "variables": [],
      "effects": [],
      "behaviors": [
        {
          "name": "Tween",
          "type": "Tween::TweenBehavior"
        }
      ],
      "string": "Play again",
      "font": "assets\\AlfaSlabOne-Regular.ttf",
      "textAlignment": "left",
      "characterSize": 50,
      "color": {
        "b": 255,
        "g": 255,
        "r": 255
      }
    }
  ],
  "events": [
    {
      "type": "BuiltinCommonInstructions::Standard",
      "conditions": [
        {
          "type": {
            "value": "DepartScene"
          },
          "parameters": [
            ""
          ]
        }
      ],
      "actions": [
        {
          "type": {
            "value": "SetFullScreen"
          },
          "parameters": [
            "",
            "yes",
            "yes"
          ]
        },
        {
          "type": {
            "value": "Opacity"
          },
          "parameters": [
            "Skull",
            "=",
            "0"
          ]
        },
        {
          "type": {
            "value": "TextObject::Opacity"
          },
          "parameters": [
            "DeathText",
            "=",
            "0"
          ]
        },
        {
          "type": {
            "value": "TextObject::Opacity"
          },
          "parameters": [
            "DeathText2",
            "=",
            "0"
          ]
        },
        {
          "type": {
            "value": "TextObject::Opacity"
          },
          "parameters": [
            "WavesSurvived",
            "=",
            "0"
          ]
        },
        {
          "type": {
            "value": "Opacity"
          },
          "parameters": [
            "PlayAgain",
            "=",
            "0"
          ]
        },
        {
          "type": {
            "value": "TextObject::Opacity"
          },
          "parameters": [
            "PlayAgainText",
            "=",
            "0"
          ]
        }
      ],
      "events": [
        {
          "type": "BuiltinCommonInstructions::Standard",
          "conditions": [],
          "actions": [
            {
              "type": {
                "value": "Wait"
              },
              "parameters": [
                "0.4"
              ]
            },
            {
              "type": {
                "value": "Tween::AddObjectOpacityTween"
              },
              "parameters": [
                "Skull",
                "Tween",
                "\"Appear\"",
                "255",
                "\"linear\"",
                "500",
                ""
              ]
            },
            {
              "type": {
                "value": "Wait"
              },
              "parameters": [
                "0.2"
              ]
            },
            {
              "type": {
                "value": "Tween::AddObjectOpacityTween"
              },
              "parameters": [
                "DeathText",
                "Tween",
                "\"Appear\"",
                "255",
                "\"linear\"",
                "500",
                ""
              ]
            },
            {
              "type": {
                "value": "Wait"
              },
              "parameters": [
                "0.2"
              ]
            },
            {
              "type": {
                "value": "Tween::AddObjectOpacityTween"
              },
              "parameters": [
                "DeathText2",
                "Tween",
                "\"Appear\"",
                "255",
                "\"linear\"",
                "500",
                ""
              ]
            },
            {
              "type": {
                "value": "Tween::AddObjectOpacityTween"
              },
              "parameters": [
                "WavesSurvived",
                "Tween",
                "\"Appear\"",
                "255",
                "\"linear\"",
                "500",
                ""
              ]
            },
            {
              "type": {
                "value": "Wait"
              },
              "parameters": [
                "0.4"
              ]
            },
            {
              "type": {
                "value": "Tween::AddObjectOpacityTween"
              },
              "parameters": [
                "PlayAgain",
                "Tween",
                "\"Appear\"",
                "255",
                "\"linear\"",
                "500",
                ""
              ]
            },
            {
              "type": {
                "value": "Tween::AddObjectOpacityTween"
              },
              "parameters": [
                "PlayAgainText",
                "Tween",
                "\"Appear\"",
                "255",
                "\"linear\"",
                "500",
                ""
              ]
            }
          ]
        }
      ]
    },
    {
      "type": "BuiltinCommonInstructions::Standard",
      "conditions": [],
      "actions": [
        {
          "type": {
            "value": "TextObject::String"
          },
          "parameters": [
            "WavesSurvived",
            "=",
            "ToString(GlobalVariable(WavesSurvived))"
          ]
        }
      ]
    },
    {
      "type": "BuiltinCommonInstructions::Standard",
      "conditions": [
        {
          "type": {
            "value": "SourisSurObjet"
          },
          "parameters": [
            "PlayAgain",
            "",
            "",
            ""
          ]
        },
        {
          "type": {
            "value": "MouseButtonReleased"
          },
          "parameters": [
            "",
            "Left"
          ]
        }
      ],
      "actions": [
        {
          "type": {
            "value": "Scene"
          },
          "parameters": [
            "",
            "\"GameScene\"",
            ""
          ]
        }
      ]
    }
  ],
  "layers": [
    {
      "ambientLightColorB": 8961304,
      "ambientLightColorG": 150995054,
      "ambientLightColorR": 1869182049,
      "followBaseLayerCamera": false,
      "isLightingLayer": false,
      "name": "",
      "visibility": true,
      "cameras": [
        {
          "defaultSize": true,
          "defaultViewport": true,
          "height": 0,
          "viewportBottom": 1,
          "viewportLeft": 0,
          "viewportRight": 1,
          "viewportTop": 0,
          "width": 0
        }
      ],
      "effects": []
    }
  ],
  "behaviorsSharedData": [
    {
      "name": "Button",
      "type": "TDTD::Button"
    },
    {
      "name": "Tower2",
      "type": "TDTD::TowerV2"
    },
    {
      "name": "TowerV2",
      "type": "TDTD::TowerV2"
    },
    {
      "name": "Tween",
      "type": "Tween::TweenBehavior"
    }
  ]
}