{
  "b": 209,
  "disableInputWhenNotFocused": true,
  "mangledName": "MainMenu",
  "name": "MainMenu",
  "r": 209,
  "standardSortMethod": true,
  "stopSoundsOnStartup": true,
  "title": "",
  "v": 209,
  "uiSettings": {
    "grid": false,
    "gridType": "rectangular",
    "gridWidth": 32,
    "gridHeight": 32,
    "gridOffsetX": 0,
    "gridOffsetY": 0,
    "gridColor": 10401023,
    "gridAlpha": 0.8,
    "snap": false,
    "zoomFactor": 0.4967431248293929,
    "windowMask": false
  },
  "objectsGroups": [],
  "variables": [
    {
      "folded": true,
      "name": "SpawnedPillars",
      "type": "number",
      "value": 1
    }
  ],
  "instances": [
    {
      "angle": 0,
      "customSize": true,
      "height": 147,
      "layer": "",
      "name": "Title",
      "persistentUuid": "44177903-d5d8-48b8-8273-beb3a9a5c663",
      "width": 320,
      "x": 652,
      "y": 176,
      "zOrder": 1,
      "numberProperties": [],
      "stringProperties": [],
      "initialVariables": []
    },
    {
      "angle": 0,
      "customSize": false,
      "height": 134,
      "layer": "",
      "name": "LargePlayButton",
      "persistentUuid": "35d888be-7d5c-499a-940a-076dd5cf03f8",
      "width": 342.41802978515625,
      "x": 648,
      "y": 546,
      "zOrder": 2,
      "numberProperties": [],
      "stringProperties": [],
      "initialVariables": []
    },
    {
      "angle": 0,
      "customSize": true,
      "height": 1095,
      "layer": "",
      "name": "NewTiledSprite",
      "persistentUuid": "0e164f2e-cc73-4af5-b48b-62d1d08d5ce4",
      "width": 1638,
      "x": -8,
      "y": -10,
      "zOrder": -1,
      "numberProperties": [],
      "stringProperties": [],
      "initialVariables": []
    },
    {
      "angle": 0,
      "customSize": false,
      "height": 0,
      "layer": "",
      "name": "Version",
      "persistentUuid": "24f0f02b-1963-493b-bea8-d4f5e68ad0a8",
      "width": 0,
      "x": 22,
      "y": 1034,
      "zOrder": 4,
      "numberProperties": [],
      "stringProperties": [],
      "initialVariables": []
    }
  ],
  "objects": [
    {
      "assetStoreId": "",
      "bold": true,
      "italic": false,
      "name": "Title",
      "smoothed": true,
      "tags": "",
      "type": "TextObject::Text",
      "underlined": false,
      "variables": [],
      "effects": [
        {
          "effectType": "Glow",
          "name": "Glow",
          "doubleParameters": {
            "distance": 15,
            "innerStrength": 2,
            "outerStrength": 5
          },
          "stringParameters": {
            "color": "255;255;255"
          },
          "booleanParameters": {}
        }
      ],
      "behaviors": [
        {
          "name": "Tween",
          "type": "Tween::TweenBehavior"
        }
      ],
      "string": "TDTD",
      "font": "assets\\AlfaSlabOne-Regular.ttf",
      "textAlignment": "",
      "characterSize": 100,
      "color": {
        "b": 5,
        "g": 32,
        "r": 19
      }
    },
    {
      "assetStoreId": "04702415b2659bd59f81e6a4e59f641557d6d1e8786f30ebfd1b2a1b981deff6",
      "name": "Config",
      "tags": "",
      "type": "Sprite",
      "updateIfNotVisible": false,
      "variables": [],
      "effects": [],
      "behaviors": [],
      "animations": [
        {
          "name": "",
          "useMultipleDirections": false,
          "directions": [
            {
              "looping": true,
              "timeBetweenFrames": 0.02500000037252903,
              "sprites": [
                {
                  "hasCustomCollisionMask": false,
                  "image": "Config.png",
                  "points": [],
                  "originPoint": {
                    "name": "origine",
                    "x": 0,
                    "y": 0
                  },
                  "centerPoint": {
                    "automatic": true,
                    "name": "centre",
                    "x": 0,
                    "y": 0
                  },
                  "customCollisionMask": []
                }
              ]
            }
          ]
        }
      ]
    },
    {
      "assetStoreId": "2297a9fa27951642cbfaf3ccc6d46ec92de1c0d6768d5842cfb638152d80b0d8",
      "name": "Help",
      "tags": "",
      "type": "Sprite",
      "updateIfNotVisible": false,
      "variables": [],
      "effects": [],
      "behaviors": [],
      "animations": [
        {
          "name": "",
          "useMultipleDirections": false,
          "directions": [
            {
              "looping": true,
              "timeBetweenFrames": 0.02500000037252903,
              "sprites": [
                {
                  "hasCustomCollisionMask": false,
                  "image": "Help.png",
                  "points": [],
                  "originPoint": {
                    "name": "origine",
                    "x": 0,
                    "y": 0
                  },
                  "centerPoint": {
                    "automatic": true,
                    "name": "centre",
                    "x": 0,
                    "y": 0
                  },
                  "customCollisionMask": []
                }
              ]
            }
          ]
        }
      ]
    },
    {
      "assetStoreId": "56620f58bc8730fe4a9e4a76caff40de4ca8f034e3c821da2cb73247909b5126",
      "name": "LeftArrow",
      "tags": "",
      "type": "Sprite",
      "updateIfNotVisible": false,
      "variables": [],
      "effects": [],
      "behaviors": [],
      "animations": [
        {
          "name": "",
          "useMultipleDirections": false,
          "directions": [
            {
              "looping": true,
              "timeBetweenFrames": 0.02500000037252903,
              "sprites": [
                {
                  "hasCustomCollisionMask": false,
                  "image": "Left arrow.png",
                  "points": [],
                  "originPoint": {
                    "name": "origine",
                    "x": 0,
                    "y": 0
                  },
                  "centerPoint": {
                    "automatic": true,
                    "name": "centre",
                    "x": 0,
                    "y": 0
                  },
                  "customCollisionMask": []
                }
              ]
            }
          ]
        }
      ]
    },
    {
      "assetStoreId": "889b4fcc7396cd7435513d4c5b887b0b18999fe5bbfbc4474baa78c46c3a112d",
      "name": "LargePlayButton",
      "tags": "",
      "type": "Sprite",
      "updateIfNotVisible": false,
      "variables": [],
      "effects": [
        {
          "effectType": "Glow",
          "name": "Glow",
          "doubleParameters": {
            "distance": 20,
            "innerStrength": 1,
            "outerStrength": 10
          },
          "stringParameters": {
            "color": "255;255;255"
          },
          "booleanParameters": {}
        }
      ],
      "behaviors": [
        {
          "name": "Button",
          "type": "TDTD::Button",
          "Property": "Tween"
        },
        {
          "name": "Tween",
          "type": "Tween::TweenBehavior"
        }
      ],
      "animations": [
        {
          "name": "",
          "useMultipleDirections": false,
          "directions": [
            {
              "looping": true,
              "timeBetweenFrames": 0.02500000037252903,
              "sprites": [
                {
                  "hasCustomCollisionMask": false,
                  "image": "Large Play Button.png",
                  "points": [],
                  "originPoint": {
                    "name": "origine",
                    "x": 0,
                    "y": 0
                  },
                  "centerPoint": {
                    "automatic": true,
                    "name": "centre",
                    "x": 0,
                    "y": 0
                  },
                  "customCollisionMask": []
                }
              ]
            }
          ]
        }
      ]
    },
    {
      "assetStoreId": "c38dafef3b324b20cb46d73bda03ed7228f6e4600c9cfb1da8ed9269044d67a0",
      "name": "Play",
      "tags": "",
      "type": "Sprite",
      "updateIfNotVisible": false,
      "variables": [],
      "effects": [],
      "behaviors": [],
      "animations": [
        {
          "name": "",
          "useMultipleDirections": false,
          "directions": [
            {
              "looping": true,
              "timeBetweenFrames": 0.02500000037252903,
              "sprites": [
                {
                  "hasCustomCollisionMask": false,
                  "image": "Play.png",
                  "points": [],
                  "originPoint": {
                    "name": "origine",
                    "x": 0,
                    "y": 0
                  },
                  "centerPoint": {
                    "automatic": true,
                    "name": "centre",
                    "x": 0,
                    "y": 0
                  },
                  "customCollisionMask": []
                }
              ]
            }
          ]
        }
      ]
    },
    {
      "assetStoreId": "903d374b9fd0edfd9e9b0bca311799884c7b24b350b18b5897b1caab8e008bec",
      "name": "Menu",
      "tags": "",
      "type": "Sprite",
      "updateIfNotVisible": false,
      "variables": [],
      "effects": [],
      "behaviors": [],
      "animations": [
        {
          "name": "",
          "useMultipleDirections": false,
          "directions": [
            {
              "looping": true,
              "timeBetweenFrames": 0.02500000037252903,
              "sprites": [
                {
                  "hasCustomCollisionMask": false,
                  "image": "Menu.png",
                  "points": [],
                  "originPoint": {
                    "name": "origine",
                    "x": 0,
                    "y": 0
                  },
                  "centerPoint": {
                    "automatic": true,
                    "name": "centre",
                    "x": 0,
                    "y": 0
                  },
                  "customCollisionMask": []
                }
              ]
            }
          ]
        }
      ]
    },
    {
      "assetStoreId": "6274edc51a06f6f3ceec58a0077973319aaf4f0ce973c0324dd2385222f7ef9f",
      "name": "Share",
      "tags": "",
      "type": "Sprite",
      "updateIfNotVisible": false,
      "variables": [],
      "effects": [],
      "behaviors": [],
      "animations": [
        {
          "name": "",
          "useMultipleDirections": false,
          "directions": [
            {
              "looping": true,
              "timeBetweenFrames": 0.02500000037252903,
              "sprites": [
                {
                  "hasCustomCollisionMask": false,
                  "image": "Share.png",
                  "points": [],
                  "originPoint": {
                    "name": "origine",
                    "x": 0,
                    "y": 0
                  },
                  "centerPoint": {
                    "automatic": true,
                    "name": "centre",
                    "x": 0,
                    "y": 0
                  },
                  "customCollisionMask": []
                }
              ]
            }
          ]
        }
      ]
    },
    {
      "assetStoreId": "ed150d95b590f97deda65902f26379fd804a3a6d1cb89344efc4d0ddbbc9dc3c",
      "name": "RightArrow",
      "tags": "",
      "type": "Sprite",
      "updateIfNotVisible": false,
      "variables": [],
      "effects": [],
      "behaviors": [],
      "animations": [
        {
          "name": "",
          "useMultipleDirections": false,
          "directions": [
            {
              "looping": true,
              "timeBetweenFrames": 0.02500000037252903,
              "sprites": [
                {
                  "hasCustomCollisionMask": false,
                  "image": "Right arrow.png",
                  "points": [],
                  "originPoint": {
                    "name": "origine",
                    "x": 0,
                    "y": 0
                  },
                  "centerPoint": {
                    "automatic": true,
                    "name": "centre",
                    "x": 0,
                    "y": 0
                  },
                  "customCollisionMask": []
                }
              ]
            }
          ]
        }
      ]
    },
    {
      "assetStoreId": "8f80aa8f2dd77a1796ba5eb80e063d77ea837fe8dfc4e0dc5c262a03ecdc5c32",
      "name": "Pause",
      "tags": "",
      "type": "Sprite",
      "updateIfNotVisible": false,
      "variables": [],
      "effects": [],
      "behaviors": [],
      "animations": [
        {
          "name": "",
          "useMultipleDirections": false,
          "directions": [
            {
              "looping": true,
              "timeBetweenFrames": 0.02500000037252903,
              "sprites": [
                {
                  "hasCustomCollisionMask": false,
                  "image": "Pause.png",
                  "points": [],
                  "originPoint": {
                    "name": "origine",
                    "x": 0,
                    "y": 0
                  },
                  "centerPoint": {
                    "automatic": true,
                    "name": "centre",
                    "x": 0,
                    "y": 0
                  },
                  "customCollisionMask": []
                }
              ]
            }
          ]
        }
      ]
    },
    {
      "assetStoreId": "",
      "height": 32,
      "name": "NewTiledSprite",
      "tags": "",
      "texture": "New image42",
      "type": "TiledSpriteObject::TiledSprite",
      "width": 32,
      "variables": [],
      "effects": [],
      "behaviors": []
    },
    {
      "assetStoreId": "",
      "bold": false,
      "italic": false,
      "name": "Version",
      "smoothed": true,
      "tags": "",
      "type": "TextObject::Text",
      "underlined": false,
      "variables": [],
      "effects": [],
      "behaviors": [],
      "string": "v0.1.3",
      "font": "assets\\AlfaSlabOne-Regular.ttf",
      "textAlignment": "left",
      "characterSize": 24,
      "color": {
        "b": 255,
        "g": 255,
        "r": 255
      }
    }
  ],
  "events": [
    {
      "type": "BuiltinCommonInstructions::Standard",
      "conditions": [
        {
          "type": {
            "value": "DepartScene"
          },
          "parameters": [
            ""
          ]
        }
      ],
      "actions": [
        {
          "type": {
            "value": "SetFullScreen"
          },
          "parameters": [
            "",
            "yes",
            ""
          ]
        },
        {
          "type": {
            "value": "TextObject::Scale"
          },
          "parameters": [
            "Title",
            "=",
            "0"
          ]
        },
        {
          "type": {
            "value": "ChangeScale"
          },
          "parameters": [
            "LargePlayButton",
            "=",
            "0"
          ]
        },
        {
          "type": {
            "value": "Tween::AddObjectScaleTween"
          },
          "parameters": [
            "Title",
            "Tween",
            "\"TitleStartTween\"",
            "1.2",
            "1.2",
            "\"easeInCubic\"",
            "500",
            "",
            "no"
          ]
        },
        {
          "type": {
            "value": "PreloadMusic"
          },
          "parameters": [
            "",
            "assets\\nfdl_p1.ogg"
          ]
        },
        {
          "type": {
            "value": "PreloadMusic"
          },
          "parameters": [
            "",
            "assets\\nfdl_p2.ogg"
          ]
        },
        {
          "type": {
            "value": "PlayMusicCanal"
          },
          "parameters": [
            "",
            "assets\\nfdl_p1.ogg",
            "0",
            "",
            "",
            ""
          ]
        }
      ]
    },
    {
      "type": "BuiltinCommonInstructions::Standard",
      "conditions": [
        {
          "type": {
            "value": "Tween::Exists"
          },
          "parameters": [
            "Title",
            "Tween",
            "\"TitleStartTween\""
          ]
        },
        {
          "type": {
            "value": "Tween::HasFinished"
          },
          "parameters": [
            "Title",
            "Tween",
            "\"TitleStartTween\""
          ]
        }
      ],
      "actions": [
        {
          "type": {
            "value": "Tween::RemoveTween"
          },
          "parameters": [
            "Title",
            "Tween",
            "\"TitleStartTween\""
          ]
        },
        {
          "type": {
            "value": "Tween::AddObjectScaleTween"
          },
          "parameters": [
            "Title",
            "Tween",
            "\"TitleEndTween\"",
            "1.0",
            "1.0",
            "\"easeOutCubic\"",
            "200",
            "",
            "no"
          ]
        }
      ]
    },
    {
      "type": "BuiltinCommonInstructions::Standard",
      "conditions": [
        {
          "type": {
            "value": "Tween::Exists"
          },
          "parameters": [
            "Title",
            "Tween",
            "\"TitleEndTween\""
          ]
        },
        {
          "type": {
            "value": "Tween::HasFinished"
          },
          "parameters": [
            "Title",
            "Tween",
            "\"TitleEndTween\""
          ]
        }
      ],
      "actions": [
        {
          "type": {
            "value": "Tween::RemoveTween"
          },
          "parameters": [
            "Title",
            "Tween",
            "\"TitleEndTween\""
          ]
        },
        {
          "type": {
            "value": "Tween::AddObjectScaleTween"
          },
          "parameters": [
            "LargePlayButton",
            "Tween",
            "\"PlayTween\"",
            "1",
            "1",
            "\"easeInOutQuad\"",
            "500",
            "",
            "no"
          ]
        }
      ]
    },
    {
      "type": "BuiltinCommonInstructions::Standard",
      "conditions": [
        {
          "type": {
            "value": "Tween::HasFinished"
          },
          "parameters": [
            "LargePlayButton",
            "Tween",
            "\"PlayTween\""
          ]
        }
      ],
      "actions": [
        {
          "type": {
            "value": "Tween::RemoveTween"
          },
          "parameters": [
            "LargePlayButton",
            "Tween",
            "\"PlayTween\""
          ]
        }
      ]
    },
    {
      "type": "BuiltinCommonInstructions::Standard",
      "conditions": [
        {
          "type": {
            "value": "SourisSurObjet"
          },
          "parameters": [
            "LargePlayButton",
            "",
            "",
            ""
          ]
        },
        {
          "type": {
            "value": "MouseButtonPressed"
          },
          "parameters": [
            "",
            "Left"
          ]
        }
      ],
      "actions": [
        {
          "type": {
            "value": "Scene"
          },
          "parameters": [
            "",
            "\"GameScene\"",
            "yes"
          ]
        }
      ]
    },
    {
      "type": "BuiltinCommonInstructions::Standard",
      "conditions": [
        {
          "type": {
            "inverted": true,
            "value": "MusicPlaying"
          },
          "parameters": [
            "",
            "0"
          ]
        }
      ],
      "actions": [
        {
          "type": {
            "value": "PlayMusicCanal"
          },
          "parameters": [
            "",
            "assets\\nfdl_p2.ogg",
            "0",
            "yes",
            "",
            ""
          ]
        }
      ]
    }
  ],
  "layers": [
    {
      "ambientLightColorB": 9538536,
      "ambientLightColorG": 150995054,
      "ambientLightColorR": 1869182049,
      "followBaseLayerCamera": false,
      "isLightingLayer": false,
      "name": "",
      "visibility": true,
      "cameras": [
        {
          "defaultSize": true,
          "defaultViewport": true,
          "height": 0,
          "viewportBottom": 1,
          "viewportLeft": 0,
          "viewportRight": 1,
          "viewportTop": 0,
          "width": 0
        }
      ],
      "effects": []
    }
  ],
  "behaviorsSharedData": [
    {
      "name": "Button",
      "type": "TDTD::Button"
    },
    {
      "name": "TowerV2",
      "type": "TDTD::TowerV2"
    },
    {
      "name": "Tween",
      "type": "Tween::TweenBehavior"
    }
  ]
}